event_id,scenario_id,ts,sku_id,store_id,in_stock,fill_rate
INV_0000001,INC_001,2024-01-08T06:00:00+00:00,SKU_0001,STORE_001,True,0.9308
INV_0000002,INC_001,2024-01-08T06:00:00+00:00,SKU_0001,STORE_002,True,0.9427
INV_0000003,INC_001,2024-01-08T06:00:00+00:00,SKU_0001,STORE_003,True,0.937
INV_0000004,INC_001,2024-01-08T06:00:00+00:00,SKU_0001,STORE_004,True,0.9506
INV_0000005,INC_001,2024-01-08T06:00:00+00:00,SKU_0001,STORE_005,True,0.9222
INV_0000006,INC_001,2024-01-08T06:00:00+00:00,SKU_0002,STORE_001,True,0.9396
INV_0000007,INC_001,2024-01-08T06:00:00+00:00,SKU_0002,STORE_002,True,0.9264
INV_0000008,INC_001,2024-01-08T06:00:00+00:00,SKU_0002,STORE_003,True,0.9201
INV_0000009,INC_001,2024-01-08T06:00:00+00:00,SKU_0002,STORE_004,True,0.9413
INV_0000010,INC_001,2024-01-08T06:00:00+00:00,SKU_0002,STORE_005,True,0.9352
INV_0000011,INC_001,2024-01-08T06:00:00+00:00,SKU_0003,STORE_001,True,0.932
INV_0000012,INC_001,2024-01-08T06:00:00+00:00,SKU_0003,STORE_002,True,0.9096
INV_0000013,INC_001,2024-01-08T06:00:00+00:00,SKU_0003,STORE_003,True,0.9691
INV_0000014,INC_001,2024-01-08T06:00:00+00:00,SKU_0003,STORE_004,True,0.9037
INV_0000015,INC_001,2024-01-08T06:00:00+00:00,SKU_0003,STORE_005,True,0.9323
INV_0000016,INC_001,2024-01-08T06:00:00+00:00,SKU_0004,STORE_001,True,0.9272
INV_0000017,INC_001,2024-01-08T06:00:00+00:00,SKU_0004,STORE_002,False,0.9326
INV_0000018,INC_001,2024-01-08T06:00:00+00:00,SKU_0004,STORE_003,True,0.9171
INV_0000019,INC_001,2024-01-08T06:00:00+00:00,SKU_0004,STORE_004,True,0.9553
INV_0000020,INC_001,2024-01-08T06:00:00+00:00,SKU_0004,STORE_005,False,0.977
INV_0000021,INC_001,2024-01-08T06:00:00+00:00,SKU_0005,STORE_001,True,0.9028
INV_0000022,INC_001,2024-01-08T06:00:00+00:00,SKU_0005,STORE_002,True,0.9596
INV_0000023,INC_001,2024-01-08T06:00:00+00:00,SKU_0005,STORE_003,True,0.9029
INV_0000024,INC_001,2024-01-08T06:00:00+00:00,SKU_0005,STORE_004,True,0.9236
INV_0000025,INC_001,2024-01-08T06:00:00+00:00,SKU_0005,STORE_005,True,0.963
INV_0000026,INC_001,2024-01-08T06:00:00+00:00,SKU_0006,STORE_001,True,0.9193
INV_0000027,INC_001,2024-01-08T06:00:00+00:00,SKU_0006,STORE_002,True,0.9401
INV_0000028,INC_001,2024-01-08T06:00:00+00:00,SKU_0006,STORE_003,True,0.934
INV_0000029,INC_001,2024-01-08T06:00:00+00:00,SKU_0006,STORE_004,True,0.9386
INV_0000030,INC_001,2024-01-08T06:00:00+00:00,SKU_0006,STORE_005,True,0.9699
INV_0000031,INC_001,2024-01-08T06:00:00+00:00,SKU_0007,STORE_001,True,0.948
INV_0000032,INC_001,2024-01-08T06:00:00+00:00,SKU_0007,STORE_002,True,0.9256
INV_0000033,INC_001,2024-01-08T06:00:00+00:00,SKU_0007,STORE_003,True,0.9511
INV_0000034,INC_001,2024-01-08T06:00:00+00:00,SKU_0007,STORE_004,True,0.9559
INV_0000035,INC_001,2024-01-08T06:00:00+00:00,SKU_0007,STORE_005,True,0.9148
INV_0000036,INC_001,2024-01-08T06:00:00+00:00,SKU_0008,STORE_001,True,0.9269
INV_0000037,INC_001,2024-01-08T06:00:00+00:00,SKU_0008,STORE_002,True,0.9587
INV_0000038,INC_001,2024-01-08T06:00:00+00:00,SKU_0008,STORE_003,True,0.9167
INV_0000039,INC_001,2024-01-08T06:00:00+00:00,SKU_0008,STORE_004,True,0.9261
INV_0000040,INC_001,2024-01-08T06:00:00+00:00,SKU_0008,STORE_005,True,0.9449
INV_0000041,INC_001,2024-01-08T06:00:00+00:00,SKU_0009,STORE_001,True,0.9485
INV_0000042,INC_001,2024-01-08T06:00:00+00:00,SKU_0009,STORE_002,True,0.9345
INV_0000043,INC_001,2024-01-08T06:00:00+00:00,SKU_0009,STORE_003,True,0.9076
INV_0000044,INC_001,2024-01-08T06:00:00+00:00,SKU_0009,STORE_004,True,0.9046
INV_0000045,INC_001,2024-01-08T06:00:00+00:00,SKU_0009,STORE_005,True,0.9688
INV_0000046,INC_001,2024-01-08T06:00:00+00:00,SKU_0010,STORE_001,True,0.94
INV_0000047,INC_001,2024-01-08T06:00:00+00:00,SKU_0010,STORE_002,True,0.9289
INV_0000048,INC_001,2024-01-08T06:00:00+00:00,SKU_0010,STORE_003,True,0.9595
INV_0000049,INC_001,2024-01-08T06:00:00+00:00,SKU_0010,STORE_004,True,0.9261
INV_0000050,INC_001,2024-01-08T06:00:00+00:00,SKU_0010,STORE_005,True,0.9322
INV_0000051,INC_001,2024-01-08T06:00:00+00:00,SKU_0011,STORE_001,True,0.977
INV_0000052,INC_001,2024-01-08T06:00:00+00:00,SKU_0011,STORE_002,True,0.9131
INV_0000053,INC_001,2024-01-08T06:00:00+00:00,SKU_0011,STORE_003,True,0.9583
INV_0000054,INC_001,2024-01-08T06:00:00+00:00,SKU_0011,STORE_004,True,0.9458
INV_0000055,INC_001,2024-01-08T06:00:00+00:00,SKU_0011,STORE_005,True,0.9625
INV_0000056,INC_001,2024-01-08T06:00:00+00:00,SKU_0012,STORE_001,True,0.9318
INV_0000057,INC_001,2024-01-08T06:00:00+00:00,SKU_0012,STORE_002,True,0.9434
INV_0000058,INC_001,2024-01-08T06:00:00+00:00,SKU_0012,STORE_003,True,0.9211
INV_0000059,INC_001,2024-01-08T06:00:00+00:00,SKU_0012,STORE_004,True,0.9202
INV_0000060,INC_001,2024-01-08T06:00:00+00:00,SKU_0012,STORE_005,True,0.9147
INV_0000061,INC_001,2024-01-08T06:00:00+00:00,SKU_0013,STORE_001,False,0.9143
INV_0000062,INC_001,2024-01-08T06:00:00+00:00,SKU_0013,STORE_002,True,0.9617
INV_0000063,INC_001,2024-01-08T06:00:00+00:00,SKU_0013,STORE_003,True,0.9318
INV_0000064,INC_001,2024-01-08T06:00:00+00:00,SKU_0013,STORE_004,True,0.9328
INV_0000065,INC_001,2024-01-08T06:00:00+00:00,SKU_0013,STORE_005,True,0.9207
INV_0000066,INC_001,2024-01-08T06:00:00+00:00,SKU_0014,STORE_001,True,0.9266
INV_0000067,INC_001,2024-01-08T06:00:00+00:00,SKU_0014,STORE_002,True,0.9655
INV_0000068,INC_001,2024-01-08T06:00:00+00:00,SKU_0014,STORE_003,True,0.9383
INV_0000069,INC_001,2024-01-08T06:00:00+00:00,SKU_0014,STORE_004,True,0.9476
INV_0000070,INC_001,2024-01-08T06:00:00+00:00,SKU_0014,STORE_005,True,0.9422
INV_0000071,INC_001,2024-01-08T06:00:00+00:00,SKU_0015,STORE_001,True,0.9724
INV_0000072,INC_001,2024-01-08T06:00:00+00:00,SKU_0015,STORE_002,True,0.9778
INV_0000073,INC_001,2024-01-08T06:00:00+00:00,SKU_0015,STORE_003,True,0.9322
INV_0000074,INC_001,2024-01-08T06:00:00+00:00,SKU_0015,STORE_004,False,0.9094
INV_0000075,INC_001,2024-01-08T06:00:00+00:00,SKU_0015,STORE_005,True,0.9631
INV_0000076,INC_001,2024-01-08T06:00:00+00:00,SKU_0016,STORE_001,True,0.8917
INV_0000077,INC_001,2024-01-08T06:00:00+00:00,SKU_0016,STORE_002,True,0.9347
INV_0000078,INC_001,2024-01-08T06:00:00+00:00,SKU_0016,STORE_003,True,0.958
INV_0000079,INC_001,2024-01-08T06:00:00+00:00,SKU_0016,STORE_004,True,0.942
INV_0000080,INC_001,2024-01-08T06:00:00+00:00,SKU_0016,STORE_005,True,0.9533
INV_0000081,INC_001,2024-01-08T06:00:00+00:00,SKU_0017,STORE_001,True,0.9467
INV_0000082,INC_001,2024-01-08T06:00:00+00:00,SKU_0017,STORE_002,True,0.9294
INV_0000083,INC_001,2024-01-08T06:00:00+00:00,SKU_0017,STORE_003,True,0.9388
INV_0000084,INC_001,2024-01-08T06:00:00+00:00,SKU_0017,STORE_004,False,0.924
INV_0000085,INC_001,2024-01-08T06:00:00+00:00,SKU_0017,STORE_005,True,0.9386
INV_0000086,INC_001,2024-01-08T06:00:00+00:00,SKU_0018,STORE_001,True,0.9302
INV_0000087,INC_001,2024-01-08T06:00:00+00:00,SKU_0018,STORE_002,True,0.9374
INV_0000088,INC_001,2024-01-08T06:00:00+00:00,SKU_0018,STORE_003,True,0.9221
INV_0000089,INC_001,2024-01-08T06:00:00+00:00,SKU_0018,STORE_004,True,0.9273
INV_0000090,INC_001,2024-01-08T06:00:00+00:00,SKU_0018,STORE_005,False,0.9658
INV_0000091,INC_001,2024-01-08T06:00:00+00:00,SKU_0019,STORE_001,True,0.9446
INV_0000092,INC_001,2024-01-08T06:00:00+00:00,SKU_0019,STORE_002,True,0.9408
INV_0000093,INC_001,2024-01-08T06:00:00+00:00,SKU_0019,STORE_003,True,0.9431
INV_0000094,INC_001,2024-01-08T06:00:00+00:00,SKU_0019,STORE_004,True,0.9644
INV_0000095,INC_001,2024-01-08T06:00:00+00:00,SKU_0019,STORE_005,True,0.9417
INV_0000096,INC_001,2024-01-08T06:00:00+00:00,SKU_0020,STORE_001,False,0.9294
INV_0000097,INC_001,2024-01-08T06:00:00+00:00,SKU_0020,STORE_002,True,0.9237
INV_0000098,INC_001,2024-01-08T06:00:00+00:00,SKU_0020,STORE_003,True,0.9331
INV_0000099,INC_001,2024-01-08T06:00:00+00:00,SKU_0020,STORE_004,True,0.9174
INV_0000100,INC_001,2024-01-08T06:00:00+00:00,SKU_0020,STORE_005,True,0.9603
INV_0000101,INC_001,2024-01-08T06:00:00+00:00,SKU_0021,STORE_001,True,0.9146
INV_0000102,INC_001,2024-01-08T06:00:00+00:00,SKU_0021,STORE_002,True,0.9029
INV_0000103,INC_001,2024-01-08T06:00:00+00:00,SKU_0021,STORE_003,True,0.9523
INV_0000104,INC_001,2024-01-08T06:00:00+00:00,SKU_0021,STORE_004,True,0.9182
INV_0000105,INC_001,2024-01-08T06:00:00+00:00,SKU_0021,STORE_005,True,0.9248
INV_0000106,INC_001,2024-01-08T06:00:00+00:00,SKU_0022,STORE_001,False,0.9418
INV_0000107,INC_001,2024-01-08T06:00:00+00:00,SKU_0022,STORE_002,False,0.93
INV_0000108,INC_001,2024-01-08T06:00:00+00:00,SKU_0022,STORE_003,True,0.9222
INV_0000109,INC_001,2024-01-08T06:00:00+00:00,SKU_0022,STORE_004,True,0.9194
INV_0000110,INC_001,2024-01-08T06:00:00+00:00,SKU_0022,STORE_005,True,0.9523
INV_0000111,INC_001,2024-01-08T06:00:00+00:00,SKU_0023,STORE_001,True,0.9624
INV_0000112,INC_001,2024-01-08T06:00:00+00:00,SKU_0023,STORE_002,True,0.9246
INV_0000113,INC_001,2024-01-08T06:00:00+00:00,SKU_0023,STORE_003,True,0.9129
INV_0000114,INC_001,2024-01-08T06:00:00+00:00,SKU_0023,STORE_004,True,0.9329
INV_0000115,INC_001,2024-01-08T06:00:00+00:00,SKU_0023,STORE_005,True,0.9352
INV_0000116,INC_001,2024-01-08T06:00:00+00:00,SKU_0024,STORE_001,True,0.9346
INV_0000117,INC_001,2024-01-08T06:00:00+00:00,SKU_0024,STORE_002,True,0.9493
INV_0000118,INC_001,2024-01-08T06:00:00+00:00,SKU_0024,STORE_003,False,0.9351
INV_0000119,INC_001,2024-01-08T06:00:00+00:00,SKU_0024,STORE_004,True,0.9388
INV_0000120,INC_001,2024-01-08T06:00:00+00:00,SKU_0024,STORE_005,True,0.9397
INV_0000121,INC_001,2024-01-08T06:00:00+00:00,SKU_0025,STORE_001,True,0.9026
INV_0000122,INC_001,2024-01-08T06:00:00+00:00,SKU_0025,STORE_002,False,0.9309
INV_0000123,INC_001,2024-01-08T06:00:00+00:00,SKU_0025,STORE_003,True,0.973
INV_0000124,INC_001,2024-01-08T06:00:00+00:00,SKU_0025,STORE_004,True,0.9299
INV_0000125,INC_001,2024-01-08T06:00:00+00:00,SKU_0025,STORE_005,True,0.9391
INV_0000126,INC_001,2024-01-08T06:00:00+00:00,SKU_0026,STORE_001,True,0.9419
INV_0000127,INC_001,2024-01-08T06:00:00+00:00,SKU_0026,STORE_002,True,0.9185
INV_0000128,INC_001,2024-01-08T06:00:00+00:00,SKU_0026,STORE_003,True,0.9469
INV_0000129,INC_001,2024-01-08T06:00:00+00:00,SKU_0026,STORE_004,True,0.8834
INV_0000130,INC_001,2024-01-08T06:00:00+00:00,SKU_0026,STORE_005,True,0.9364
INV_0000131,INC_001,2024-01-08T06:00:00+00:00,SKU_0027,STORE_001,True,0.9487
INV_0000132,INC_001,2024-01-08T06:00:00+00:00,SKU_0027,STORE_002,True,0.8971
INV_0000133,INC_001,2024-01-08T06:00:00+00:00,SKU_0027,STORE_003,True,0.9432
INV_0000134,INC_001,2024-01-08T06:00:00+00:00,SKU_0027,STORE_004,True,0.9395
INV_0000135,INC_001,2024-01-08T06:00:00+00:00,SKU_0027,STORE_005,True,0.949
INV_0000136,INC_001,2024-01-08T06:00:00+00:00,SKU_0028,STORE_001,True,0.9048
INV_0000137,INC_001,2024-01-08T06:00:00+00:00,SKU_0028,STORE_002,True,0.9349
INV_0000138,INC_001,2024-01-08T06:00:00+00:00,SKU_0028,STORE_003,True,0.9185
INV_0000139,INC_001,2024-01-08T06:00:00+00:00,SKU_0028,STORE_004,True,0.9304
INV_0000140,INC_001,2024-01-08T06:00:00+00:00,SKU_0028,STORE_005,True,0.9466
INV_0000141,INC_001,2024-01-08T06:00:00+00:00,SKU_0029,STORE_001,False,0.9463
INV_0000142,INC_001,2024-01-08T06:00:00+00:00,SKU_0029,STORE_002,True,0.9334
INV_0000143,INC_001,2024-01-08T06:00:00+00:00,SKU_0029,STORE_003,False,0.9419
INV_0000144,INC_001,2024-01-08T06:00:00+00:00,SKU_0029,STORE_004,True,0.9892
INV_0000145,INC_001,2024-01-08T06:00:00+00:00,SKU_0029,STORE_005,True,0.9456
INV_0000146,INC_001,2024-01-08T06:00:00+00:00,SKU_0030,STORE_001,True,0.9298
INV_0000147,INC_001,2024-01-08T06:00:00+00:00,SKU_0030,STORE_002,False,0.8824
INV_0000148,INC_001,2024-01-08T06:00:00+00:00,SKU_0030,STORE_003,True,0.9263
INV_0000149,INC_001,2024-01-08T06:00:00+00:00,SKU_0030,STORE_004,True,0.9395
INV_0000150,INC_001,2024-01-08T06:00:00+00:00,SKU_0030,STORE_005,True,0.9372
INV_0000151,INC_001,2024-01-08T06:00:00+00:00,SKU_0031,STORE_001,True,0.9348
INV_0000152,INC_001,2024-01-08T06:00:00+00:00,SKU_0031,STORE_002,True,0.9435
INV_0000153,INC_001,2024-01-08T06:00:00+00:00,SKU_0031,STORE_003,True,0.9373
INV_0000154,INC_001,2024-01-08T06:00:00+00:00,SKU_0031,STORE_004,True,0.9395
INV_0000155,INC_001,2024-01-08T06:00:00+00:00,SKU_0031,STORE_005,True,0.9402
INV_0000156,INC_001,2024-01-08T06:00:00+00:00,SKU_0032,STORE_001,True,0.9237
INV_0000157,INC_001,2024-01-08T06:00:00+00:00,SKU_0032,STORE_002,True,0.9289
INV_0000158,INC_001,2024-01-08T06:00:00+00:00,SKU_0032,STORE_003,True,0.9475
INV_0000159,INC_001,2024-01-08T06:00:00+00:00,SKU_0032,STORE_004,True,0.9517
INV_0000160,INC_001,2024-01-08T06:00:00+00:00,SKU_0032,STORE_005,True,0.9488
INV_0000161,INC_001,2024-01-08T06:00:00+00:00,SKU_0033,STORE_001,True,0.9425
INV_0000162,INC_001,2024-01-08T06:00:00+00:00,SKU_0033,STORE_002,True,0.9149
INV_0000163,INC_001,2024-01-08T06:00:00+00:00,SKU_0033,STORE_003,True,0.9273
INV_0000164,INC_001,2024-01-08T06:00:00+00:00,SKU_0033,STORE_004,True,0.9343
INV_0000165,INC_001,2024-01-08T06:00:00+00:00,SKU_0033,STORE_005,True,0.9082
INV_0000166,INC_001,2024-01-08T06:00:00+00:00,SKU_0034,STORE_001,True,0.9563
INV_0000167,INC_001,2024-01-08T06:00:00+00:00,SKU_0034,STORE_002,True,0.9406
INV_0000168,INC_001,2024-01-08T06:00:00+00:00,SKU_0034,STORE_003,True,0.9303
INV_0000169,INC_001,2024-01-08T06:00:00+00:00,SKU_0034,STORE_004,True,0.9697
INV_0000170,INC_001,2024-01-08T06:00:00+00:00,SKU_0034,STORE_005,True,0.9175
INV_0000171,INC_001,2024-01-08T06:00:00+00:00,SKU_0035,STORE_001,True,0.9576
INV_0000172,INC_001,2024-01-08T06:00:00+00:00,SKU_0035,STORE_002,True,0.9561
INV_0000173,INC_001,2024-01-08T06:00:00+00:00,SKU_0035,STORE_003,True,0.9812
INV_0000174,INC_001,2024-01-08T06:00:00+00:00,SKU_0035,STORE_004,True,0.9198
INV_0000175,INC_001,2024-01-08T06:00:00+00:00,SKU_0035,STORE_005,True,0.9048
INV_0000176,INC_001,2024-01-08T06:00:00+00:00,SKU_0036,STORE_001,True,0.9144
INV_0000177,INC_001,2024-01-08T06:00:00+00:00,SKU_0036,STORE_002,True,0.9734
INV_0000178,INC_001,2024-01-08T06:00:00+00:00,SKU_0036,STORE_003,True,0.9583
INV_0000179,INC_001,2024-01-08T06:00:00+00:00,SKU_0036,STORE_004,True,0.9519
INV_0000180,INC_001,2024-01-08T06:00:00+00:00,SKU_0036,STORE_005,True,0.9884
INV_0000181,INC_001,2024-01-08T06:00:00+00:00,SKU_0037,STORE_001,True,0.9291
INV_0000182,INC_001,2024-01-08T06:00:00+00:00,SKU_0037,STORE_002,True,0.9003
INV_0000183,INC_001,2024-01-08T06:00:00+00:00,SKU_0037,STORE_003,True,0.9785
INV_0000184,INC_001,2024-01-08T06:00:00+00:00,SKU_0037,STORE_004,True,0.9564
INV_0000185,INC_001,2024-01-08T06:00:00+00:00,SKU_0037,STORE_005,True,0.9519
INV_0000186,INC_001,2024-01-08T06:00:00+00:00,SKU_0038,STORE_001,True,0.958
INV_0000187,INC_001,2024-01-08T06:00:00+00:00,SKU_0038,STORE_002,True,0.9328
INV_0000188,INC_001,2024-01-08T06:00:00+00:00,SKU_0038,STORE_003,True,0.9542
INV_0000189,INC_001,2024-01-08T06:00:00+00:00,SKU_0038,STORE_004,False,0.9795
INV_0000190,INC_001,2024-01-08T06:00:00+00:00,SKU_0038,STORE_005,True,0.9326
INV_0000191,INC_001,2024-01-08T06:00:00+00:00,SKU_0039,STORE_001,True,0.9817
INV_0000192,INC_001,2024-01-08T06:00:00+00:00,SKU_0039,STORE_002,True,0.9345
INV_0000193,INC_001,2024-01-08T06:00:00+00:00,SKU_0039,STORE_003,True,0.9391
INV_0000194,INC_001,2024-01-08T06:00:00+00:00,SKU_0039,STORE_004,True,0.9394
INV_0000195,INC_001,2024-01-08T06:00:00+00:00,SKU_0039,STORE_005,True,0.9499
INV_0000196,INC_001,2024-01-08T06:00:00+00:00,SKU_0040,STORE_001,True,0.9185
INV_0000197,INC_001,2024-01-08T06:00:00+00:00,SKU_0040,STORE_002,True,0.9157
INV_0000198,INC_001,2024-01-08T06:00:00+00:00,SKU_0040,STORE_003,True,0.9256
INV_0000199,INC_001,2024-01-08T06:00:00+00:00,SKU_0040,STORE_004,True,0.9487
INV_0000200,INC_001,2024-01-08T06:00:00+00:00,SKU_0040,STORE_005,True,0.9201
INV_0000201,INC_001,2024-01-08T06:00:00+00:00,SKU_0041,STORE_001,True,0.9378
INV_0000202,INC_001,2024-01-08T06:00:00+00:00,SKU_0041,STORE_002,True,0.9524
INV_0000203,INC_001,2024-01-08T06:00:00+00:00,SKU_0041,STORE_003,True,0.9507
INV_0000204,INC_001,2024-01-08T06:00:00+00:00,SKU_0041,STORE_004,True,0.9276
INV_0000205,INC_001,2024-01-08T06:00:00+00:00,SKU_0041,STORE_005,True,0.9593
INV_0000206,INC_001,2024-01-08T06:00:00+00:00,SKU_0042,STORE_001,True,0.9576
INV_0000207,INC_001,2024-01-08T06:00:00+00:00,SKU_0042,STORE_002,True,0.9035
INV_0000208,INC_001,2024-01-08T06:00:00+00:00,SKU_0042,STORE_003,True,0.9507
INV_0000209,INC_001,2024-01-08T06:00:00+00:00,SKU_0042,STORE_004,True,0.9159
INV_0000210,INC_001,2024-01-08T06:00:00+00:00,SKU_0042,STORE_005,True,0.9553
INV_0000211,INC_001,2024-01-08T06:00:00+00:00,SKU_0043,STORE_001,True,0.902
INV_0000212,INC_001,2024-01-08T06:00:00+00:00,SKU_0043,STORE_002,True,0.9413
INV_0000213,INC_001,2024-01-08T06:00:00+00:00,SKU_0043,STORE_003,True,0.922
INV_0000214,INC_001,2024-01-08T06:00:00+00:00,SKU_0043,STORE_004,True,0.9424
INV_0000215,INC_001,2024-01-08T06:00:00+00:00,SKU_0043,STORE_005,True,0.939
INV_0000216,INC_001,2024-01-08T06:00:00+00:00,SKU_0044,STORE_001,True,0.9256
INV_0000217,INC_001,2024-01-08T06:00:00+00:00,SKU_0044,STORE_002,True,1.0
INV_0000218,INC_001,2024-01-08T06:00:00+00:00,SKU_0044,STORE_003,True,0.9785
INV_0000219,INC_001,2024-01-08T06:00:00+00:00,SKU_0044,STORE_004,True,0.9813
INV_0000220,INC_001,2024-01-08T06:00:00+00:00,SKU_0044,STORE_005,True,0.93
INV_0000221,INC_001,2024-01-08T06:00:00+00:00,SKU_0045,STORE_001,True,0.9523
INV_0000222,INC_001,2024-01-08T06:00:00+00:00,SKU_0045,STORE_002,True,0.9679
INV_0000223,INC_001,2024-01-08T06:00:00+00:00,SKU_0045,STORE_003,True,0.9197
INV_0000224,INC_001,2024-01-08T06:00:00+00:00,SKU_0045,STORE_004,True,0.9635
INV_0000225,INC_001,2024-01-08T06:00:00+00:00,SKU_0045,STORE_005,True,0.9194
INV_0000226,INC_001,2024-01-08T06:00:00+00:00,SKU_0046,STORE_001,True,0.9238
INV_0000227,INC_001,2024-01-08T06:00:00+00:00,SKU_0046,STORE_002,True,0.9451
INV_0000228,INC_001,2024-01-08T06:00:00+00:00,SKU_0046,STORE_003,True,0.9671
INV_0000229,INC_001,2024-01-08T06:00:00+00:00,SKU_0046,STORE_004,True,0.9581
INV_0000230,INC_001,2024-01-08T06:00:00+00:00,SKU_0046,STORE_005,True,0.9412
INV_0000231,INC_001,2024-01-08T06:00:00+00:00,SKU_0047,STORE_001,True,0.9102
INV_0000232,INC_001,2024-01-08T06:00:00+00:00,SKU_0047,STORE_002,True,0.9234
INV_0000233,INC_001,2024-01-08T06:00:00+00:00,SKU_0047,STORE_003,True,0.9413
INV_0000234,INC_001,2024-01-08T06:00:00+00:00,SKU_0047,STORE_004,True,0.957
INV_0000235,INC_001,2024-01-08T06:00:00+00:00,SKU_0047,STORE_005,True,0.9211
INV_0000236,INC_001,2024-01-08T06:00:00+00:00,SKU_0048,STORE_001,True,0.962
INV_0000237,INC_001,2024-01-08T06:00:00+00:00,SKU_0048,STORE_002,True,0.9285
INV_0000238,INC_001,2024-01-08T06:00:00+00:00,SKU_0048,STORE_003,True,0.982
INV_0000239,INC_001,2024-01-08T06:00:00+00:00,SKU_0048,STORE_004,True,0.9444
INV_0000240,INC_001,2024-01-08T06:00:00+00:00,SKU_0048,STORE_005,True,0.9257
INV_0000241,INC_001,2024-01-08T06:00:00+00:00,SKU_0049,STORE_001,True,0.947
INV_0000242,INC_001,2024-01-08T06:00:00+00:00,SKU_0049,STORE_002,True,0.9541
INV_0000243,INC_001,2024-01-08T06:00:00+00:00,SKU_0049,STORE_003,True,0.9391
INV_0000244,INC_001,2024-01-08T06:00:00+00:00,SKU_0049,STORE_004,False,0.935
INV_0000245,INC_001,2024-01-08T06:00:00+00:00,SKU_0049,STORE_005,True,0.9036
INV_0000246,INC_001,2024-01-08T06:00:00+00:00,SKU_0050,STORE_001,True,0.9413
INV_0000247,INC_001,2024-01-08T06:00:00+00:00,SKU_0050,STORE_002,True,0.925
INV_0000248,INC_001,2024-01-08T06:00:00+00:00,SKU_0050,STORE_003,True,0.9035
INV_0000249,INC_001,2024-01-08T06:00:00+00:00,SKU_0050,STORE_004,True,0.9457
INV_0000250,INC_001,2024-01-08T06:00:00+00:00,SKU_0050,STORE_005,True,0.9013
INV_0000251,INC_001,2024-01-09T06:00:00+00:00,SKU_0001,STORE_001,True,0.949
INV_0000252,INC_001,2024-01-09T06:00:00+00:00,SKU_0001,STORE_002,True,0.935
INV_0000253,INC_001,2024-01-09T06:00:00+00:00,SKU_0001,STORE_003,True,0.8856
INV_0000254,INC_001,2024-01-09T06:00:00+00:00,SKU_0001,STORE_004,True,0.9481
INV_0000255,INC_001,2024-01-09T06:00:00+00:00,SKU_0001,STORE_005,True,0.9697
INV_0000256,INC_001,2024-01-09T06:00:00+00:00,SKU_0002,STORE_001,True,0.9118
INV_0000257,INC_001,2024-01-09T06:00:00+00:00,SKU_0002,STORE_002,True,0.9558
INV_0000258,INC_001,2024-01-09T06:00:00+00:00,SKU_0002,STORE_003,True,0.955
INV_0000259,INC_001,2024-01-09T06:00:00+00:00,SKU_0002,STORE_004,True,0.9432
INV_0000260,INC_001,2024-01-09T06:00:00+00:00,SKU_0002,STORE_005,True,0.9535
INV_0000261,INC_001,2024-01-09T06:00:00+00:00,SKU_0003,STORE_001,True,0.92
INV_0000262,INC_001,2024-01-09T06:00:00+00:00,SKU_0003,STORE_002,True,0.9338
INV_0000263,INC_001,2024-01-09T06:00:00+00:00,SKU_0003,STORE_003,True,0.9269
INV_0000264,INC_001,2024-01-09T06:00:00+00:00,SKU_0003,STORE_004,True,0.9619
INV_0000265,INC_001,2024-01-09T06:00:00+00:00,SKU_0003,STORE_005,True,0.9447
INV_0000266,INC_001,2024-01-09T06:00:00+00:00,SKU_0004,STORE_001,True,0.9792
INV_0000267,INC_001,2024-01-09T06:00:00+00:00,SKU_0004,STORE_002,True,0.9281
INV_0000268,INC_001,2024-01-09T06:00:00+00:00,SKU_0004,STORE_003,True,0.9316
INV_0000269,INC_001,2024-01-09T06:00:00+00:00,SKU_0004,STORE_004,True,0.9532
INV_0000270,INC_001,2024-01-09T06:00:00+00:00,SKU_0004,STORE_005,True,0.9408
INV_0000271,INC_001,2024-01-09T06:00:00+00:00,SKU_0005,STORE_001,True,0.9412
INV_0000272,INC_001,2024-01-09T06:00:00+00:00,SKU_0005,STORE_002,True,0.9393
INV_0000273,INC_001,2024-01-09T06:00:00+00:00,SKU_0005,STORE_003,True,0.9223
INV_0000274,INC_001,2024-01-09T06:00:00+00:00,SKU_0005,STORE_004,True,0.9571
INV_0000275,INC_001,2024-01-09T06:00:00+00:00,SKU_0005,STORE_005,True,0.9389
INV_0000276,INC_001,2024-01-09T06:00:00+00:00,SKU_0006,STORE_001,True,0.909
INV_0000277,INC_001,2024-01-09T06:00:00+00:00,SKU_0006,STORE_002,True,0.9318
INV_0000278,INC_001,2024-01-09T06:00:00+00:00,SKU_0006,STORE_003,True,0.971
INV_0000279,INC_001,2024-01-09T06:00:00+00:00,SKU_0006,STORE_004,False,0.893
INV_0000280,INC_001,2024-01-09T06:00:00+00:00,SKU_0006,STORE_005,True,0.9796
INV_0000281,INC_001,2024-01-09T06:00:00+00:00,SKU_0007,STORE_001,True,0.9031
INV_0000282,INC_001,2024-01-09T06:00:00+00:00,SKU_0007,STORE_002,True,0.9076
INV_0000283,INC_001,2024-01-09T06:00:00+00:00,SKU_0007,STORE_003,True,0.9385
INV_0000284,INC_001,2024-01-09T06:00:00+00:00,SKU_0007,STORE_004,True,0.9858
INV_0000285,INC_001,2024-01-09T06:00:00+00:00,SKU_0007,STORE_005,True,0.9641
INV_0000286,INC_001,2024-01-09T06:00:00+00:00,SKU_0008,STORE_001,True,0.9403
INV_0000287,INC_001,2024-01-09T06:00:00+00:00,SKU_0008,STORE_002,True,0.9212
INV_0000288,INC_001,2024-01-09T06:00:00+00:00,SKU_0008,STORE_003,True,0.9267
INV_0000289,INC_001,2024-01-09T06:00:00+00:00,SKU_0008,STORE_004,True,0.9733
INV_0000290,INC_001,2024-01-09T06:00:00+00:00,SKU_0008,STORE_005,False,0.9319
INV_0000291,INC_001,2024-01-09T06:00:00+00:00,SKU_0009,STORE_001,True,0.9566
INV_0000292,INC_001,2024-01-09T06:00:00+00:00,SKU_0009,STORE_002,True,0.9148
INV_0000293,INC_001,2024-01-09T06:00:00+00:00,SKU_0009,STORE_003,True,0.9162
INV_0000294,INC_001,2024-01-09T06:00:00+00:00,SKU_0009,STORE_004,True,0.9499
INV_0000295,INC_001,2024-01-09T06:00:00+00:00,SKU_0009,STORE_005,True,0.9649
INV_0000296,INC_001,2024-01-09T06:00:00+00:00,SKU_0010,STORE_001,True,0.9273
INV_0000297,INC_001,2024-01-09T06:00:00+00:00,SKU_0010,STORE_002,True,0.9494
INV_0000298,INC_001,2024-01-09T06:00:00+00:00,SKU_0010,STORE_003,True,0.9409
INV_0000299,INC_001,2024-01-09T06:00:00+00:00,SKU_0010,STORE_004,True,0.9707
INV_0000300,INC_001,2024-01-09T06:00:00+00:00,SKU_0010,STORE_005,True,0.9302
INV_0000301,INC_001,2024-01-09T06:00:00+00:00,SKU_0011,STORE_001,True,0.9277
INV_0000302,INC_001,2024-01-09T06:00:00+00:00,SKU_0011,STORE_002,True,0.9242
INV_0000303,INC_001,2024-01-09T06:00:00+00:00,SKU_0011,STORE_003,True,0.9608
INV_0000304,INC_001,2024-01-09T06:00:00+00:00,SKU_0011,STORE_004,True,0.9581
INV_0000305,INC_001,2024-01-09T06:00:00+00:00,SKU_0011,STORE_005,True,0.9546
INV_0000306,INC_001,2024-01-09T06:00:00+00:00,SKU_0012,STORE_001,True,0.9322
INV_0000307,INC_001,2024-01-09T06:00:00+00:00,SKU_0012,STORE_002,True,0.9689
INV_0000308,INC_001,2024-01-09T06:00:00+00:00,SKU_0012,STORE_003,True,0.9539
INV_0000309,INC_001,2024-01-09T06:00:00+00:00,SKU_0012,STORE_004,True,0.936
INV_0000310,INC_001,2024-01-09T06:00:00+00:00,SKU_0012,STORE_005,True,0.9664
INV_0000311,INC_001,2024-01-09T06:00:00+00:00,SKU_0013,STORE_001,True,0.967
INV_0000312,INC_001,2024-01-09T06:00:00+00:00,SKU_0013,STORE_002,True,0.9465
INV_0000313,INC_001,2024-01-09T06:00:00+00:00,SKU_0013,STORE_003,True,0.9338
INV_0000314,INC_001,2024-01-09T06:00:00+00:00,SKU_0013,STORE_004,True,0.9734
INV_0000315,INC_001,2024-01-09T06:00:00+00:00,SKU_0013,STORE_005,True,0.931
INV_0000316,INC_001,2024-01-09T06:00:00+00:00,SKU_0014,STORE_001,True,0.9306
INV_0000317,INC_001,2024-01-09T06:00:00+00:00,SKU_0014,STORE_002,True,0.9671
INV_0000318,INC_001,2024-01-09T06:00:00+00:00,SKU_0014,STORE_003,True,0.9524
INV_0000319,INC_001,2024-01-09T06:00:00+00:00,SKU_0014,STORE_004,True,0.9131
INV_0000320,INC_001,2024-01-09T06:00:00+00:00,SKU_0014,STORE_005,True,0.947
INV_0000321,INC_001,2024-01-09T06:00:00+00:00,SKU_0015,STORE_001,True,0.9266
INV_0000322,INC_001,2024-01-09T06:00:00+00:00,SKU_0015,STORE_002,True,0.9553
INV_0000323,INC_001,2024-01-09T06:00:00+00:00,SKU_0015,STORE_003,True,0.9424
INV_0000324,INC_001,2024-01-09T06:00:00+00:00,SKU_0015,STORE_004,True,0.9473
INV_0000325,INC_001,2024-01-09T06:00:00+00:00,SKU_0015,STORE_005,False,0.929
INV_0000326,INC_001,2024-01-09T06:00:00+00:00,SKU_0016,STORE_001,True,0.9445
INV_0000327,INC_001,2024-01-09T06:00:00+00:00,SKU_0016,STORE_002,True,0.9825
INV_0000328,INC_001,2024-01-09T06:00:00+00:00,SKU_0016,STORE_003,True,0.9106
INV_0000329,INC_001,2024-01-09T06:00:00+00:00,SKU_0016,STORE_004,True,0.9706
INV_0000330,INC_001,2024-01-09T06:00:00+00:00,SKU_0016,STORE_005,True,0.9614
INV_0000331,INC_001,2024-01-09T06:00:00+00:00,SKU_0017,STORE_001,True,0.9195
INV_0000332,INC_001,2024-01-09T06:00:00+00:00,SKU_0017,STORE_002,True,0.9429
INV_0000333,INC_001,2024-01-09T06:00:00+00:00,SKU_0017,STORE_003,True,0.9467
INV_0000334,INC_001,2024-01-09T06:00:00+00:00,SKU_0017,STORE_004,True,0.9517
INV_0000335,INC_001,2024-01-09T06:00:00+00:00,SKU_0017,STORE_005,True,0.9561
INV_0000336,INC_001,2024-01-09T06:00:00+00:00,SKU_0018,STORE_001,True,0.9446
INV_0000337,INC_001,2024-01-09T06:00:00+00:00,SKU_0018,STORE_002,True,0.9229
INV_0000338,INC_001,2024-01-09T06:00:00+00:00,SKU_0018,STORE_003,False,0.9422
INV_0000339,INC_001,2024-01-09T06:00:00+00:00,SKU_0018,STORE_004,True,0.9162
INV_0000340,INC_001,2024-01-09T06:00:00+00:00,SKU_0018,STORE_005,True,0.9225
INV_0000341,INC_001,2024-01-09T06:00:00+00:00,SKU_0019,STORE_001,True,0.928
INV_0000342,INC_001,2024-01-09T06:00:00+00:00,SKU_0019,STORE_002,True,0.9818
INV_0000343,INC_001,2024-01-09T06:00:00+00:00,SKU_0019,STORE_003,True,0.9411
INV_0000344,INC_001,2024-01-09T06:00:00+00:00,SKU_0019,STORE_004,True,0.9345
INV_0000345,INC_001,2024-01-09T06:00:00+00:00,SKU_0019,STORE_005,True,0.9495
INV_0000346,INC_001,2024-01-09T06:00:00+00:00,SKU_0020,STORE_001,True,0.9453
INV_0000347,INC_001,2024-01-09T06:00:00+00:00,SKU_0020,STORE_002,True,0.9282
INV_0000348,INC_001,2024-01-09T06:00:00+00:00,SKU_0020,STORE_003,True,0.8951
INV_0000349,INC_001,2024-01-09T06:00:00+00:00,SKU_0020,STORE_004,True,0.9156
INV_0000350,INC_001,2024-01-09T06:00:00+00:00,SKU_0020,STORE_005,True,0.9666
INV_0000351,INC_001,2024-01-09T06:00:00+00:00,SKU_0021,STORE_001,True,0.953
INV_0000352,INC_001,2024-01-09T06:00:00+00:00,SKU_0021,STORE_002,True,0.9357
INV_0000353,INC_001,2024-01-09T06:00:00+00:00,SKU_0021,STORE_003,True,0.9032
INV_0000354,INC_001,2024-01-09T06:00:00+00:00,SKU_0021,STORE_004,True,0.9225
INV_0000355,INC_001,2024-01-09T06:00:00+00:00,SKU_0021,STORE_005,True,0.9649
INV_0000356,INC_001,2024-01-09T06:00:00+00:00,SKU_0022,STORE_001,True,0.9676
INV_0000357,INC_001,2024-01-09T06:00:00+00:00,SKU_0022,STORE_002,True,0.9465
INV_0000358,INC_001,2024-01-09T06:00:00+00:00,SKU_0022,STORE_003,True,0.973
INV_0000359,INC_001,2024-01-09T06:00:00+00:00,SKU_0022,STORE_004,True,0.9286
INV_0000360,INC_001,2024-01-09T06:00:00+00:00,SKU_0022,STORE_005,True,0.9434
INV_0000361,INC_001,2024-01-09T06:00:00+00:00,SKU_0023,STORE_001,True,0.9439
INV_0000362,INC_001,2024-01-09T06:00:00+00:00,SKU_0023,STORE_002,True,0.92
INV_0000363,INC_001,2024-01-09T06:00:00+00:00,SKU_0023,STORE_003,True,0.9059
INV_0000364,INC_001,2024-01-09T06:00:00+00:00,SKU_0023,STORE_004,True,0.9245
INV_0000365,INC_001,2024-01-09T06:00:00+00:00,SKU_0023,STORE_005,False,0.9562
INV_0000366,INC_001,2024-01-09T06:00:00+00:00,SKU_0024,STORE_001,True,0.9001
INV_0000367,INC_001,2024-01-09T06:00:00+00:00,SKU_0024,STORE_002,False,0.8958
INV_0000368,INC_001,2024-01-09T06:00:00+00:00,SKU_0024,STORE_003,True,0.9396
INV_0000369,INC_001,2024-01-09T06:00:00+00:00,SKU_0024,STORE_004,True,0.9447
INV_0000370,INC_001,2024-01-09T06:00:00+00:00,SKU_0024,STORE_005,True,0.9315
INV_0000371,INC_001,2024-01-09T06:00:00+00:00,SKU_0025,STORE_001,True,0.9276
INV_0000372,INC_001,2024-01-09T06:00:00+00:00,SKU_0025,STORE_002,True,0.93
INV_0000373,INC_001,2024-01-09T06:00:00+00:00,SKU_0025,STORE_003,True,0.9626
INV_0000374,INC_001,2024-01-09T06:00:00+00:00,SKU_0025,STORE_004,True,0.9123
INV_0000375,INC_001,2024-01-09T06:00:00+00:00,SKU_0025,STORE_005,True,0.9727
INV_0000376,INC_001,2024-01-09T06:00:00+00:00,SKU_0026,STORE_001,True,0.9676
INV_0000377,INC_001,2024-01-09T06:00:00+00:00,SKU_0026,STORE_002,True,0.963
INV_0000378,INC_001,2024-01-09T06:00:00+00:00,SKU_0026,STORE_003,True,0.9529
INV_0000379,INC_001,2024-01-09T06:00:00+00:00,SKU_0026,STORE_004,True,0.9295
INV_0000380,INC_001,2024-01-09T06:00:00+00:00,SKU_0026,STORE_005,True,0.9099
INV_0000381,INC_001,2024-01-09T06:00:00+00:00,SKU_0027,STORE_001,True,0.9298
INV_0000382,INC_001,2024-01-09T06:00:00+00:00,SKU_0027,STORE_002,True,0.949
INV_0000383,INC_001,2024-01-09T06:00:00+00:00,SKU_0027,STORE_003,True,0.9241
INV_0000384,INC_001,2024-01-09T06:00:00+00:00,SKU_0027,STORE_004,True,0.942
INV_0000385,INC_001,2024-01-09T06:00:00+00:00,SKU_0027,STORE_005,True,0.975
INV_0000386,INC_001,2024-01-09T06:00:00+00:00,SKU_0028,STORE_001,True,0.9459
INV_0000387,INC_001,2024-01-09T06:00:00+00:00,SKU_0028,STORE_002,True,0.9433
INV_0000388,INC_001,2024-01-09T06:00:00+00:00,SKU_0028,STORE_003,True,0.9591
INV_0000389,INC_001,2024-01-09T06:00:00+00:00,SKU_0028,STORE_004,True,0.8948
INV_0000390,INC_001,2024-01-09T06:00:00+00:00,SKU_0028,STORE_005,True,0.9484
INV_0000391,INC_001,2024-01-09T06:00:00+00:00,SKU_0029,STORE_001,True,0.9333
INV_0000392,INC_001,2024-01-09T06:00:00+00:00,SKU_0029,STORE_002,True,0.9441
INV_0000393,INC_001,2024-01-09T06:00:00+00:00,SKU_0029,STORE_003,True,0.91
INV_0000394,INC_001,2024-01-09T06:00:00+00:00,SKU_0029,STORE_004,True,0.8969
INV_0000395,INC_001,2024-01-09T06:00:00+00:00,SKU_0029,STORE_005,True,0.9002
INV_0000396,INC_001,2024-01-09T06:00:00+00:00,SKU_0030,STORE_001,True,0.9161
INV_0000397,INC_001,2024-01-09T06:00:00+00:00,SKU_0030,STORE_002,True,0.9509
INV_0000398,INC_001,2024-01-09T06:00:00+00:00,SKU_0030,STORE_003,False,0.9306
INV_0000399,INC_001,2024-01-09T06:00:00+00:00,SKU_0030,STORE_004,True,0.9492
INV_0000400,INC_001,2024-01-09T06:00:00+00:00,SKU_0030,STORE_005,True,0.9149
INV_0000401,INC_001,2024-01-09T06:00:00+00:00,SKU_0031,STORE_001,True,0.9378
INV_0000402,INC_001,2024-01-09T06:00:00+00:00,SKU_0031,STORE_002,True,0.9405
INV_0000403,INC_001,2024-01-09T06:00:00+00:00,SKU_0031,STORE_003,True,0.9598
INV_0000404,INC_001,2024-01-09T06:00:00+00:00,SKU_0031,STORE_004,False,0.9238
INV_0000405,INC_001,2024-01-09T06:00:00+00:00,SKU_0031,STORE_005,True,0.9475
INV_0000406,INC_001,2024-01-09T06:00:00+00:00,SKU_0032,STORE_001,True,0.9442
INV_0000407,INC_001,2024-01-09T06:00:00+00:00,SKU_0032,STORE_002,True,0.9631
INV_0000408,INC_001,2024-01-09T06:00:00+00:00,SKU_0032,STORE_003,True,0.9438
INV_0000409,INC_001,2024-01-09T06:00:00+00:00,SKU_0032,STORE_004,False,0.9878
INV_0000410,INC_001,2024-01-09T06:00:00+00:00,SKU_0032,STORE_005,True,0.9388
INV_0000411,INC_001,2024-01-09T06:00:00+00:00,SKU_0033,STORE_001,False,0.9307
INV_0000412,INC_001,2024-01-09T06:00:00+00:00,SKU_0033,STORE_002,True,0.9567
INV_0000413,INC_001,2024-01-09T06:00:00+00:00,SKU_0033,STORE_003,True,0.9246
INV_0000414,INC_001,2024-01-09T06:00:00+00:00,SKU_0033,STORE_004,True,0.9683
INV_0000415,INC_001,2024-01-09T06:00:00+00:00,SKU_0033,STORE_005,True,0.9498
INV_0000416,INC_001,2024-01-09T06:00:00+00:00,SKU_0034,STORE_001,False,0.9399
INV_0000417,INC_001,2024-01-09T06:00:00+00:00,SKU_0034,STORE_002,True,0.9092
INV_0000418,INC_001,2024-01-09T06:00:00+00:00,SKU_0034,STORE_003,True,0.9421
INV_0000419,INC_001,2024-01-09T06:00:00+00:00,SKU_0034,STORE_004,True,0.9405
INV_0000420,INC_001,2024-01-09T06:00:00+00:00,SKU_0034,STORE_005,True,0.9174
INV_0000421,INC_001,2024-01-09T06:00:00+00:00,SKU_0035,STORE_001,True,0.9254
INV_0000422,INC_001,2024-01-09T06:00:00+00:00,SKU_0035,STORE_002,True,0.9543
INV_0000423,INC_001,2024-01-09T06:00:00+00:00,SKU_0035,STORE_003,True,0.9244
INV_0000424,INC_001,2024-01-09T06:00:00+00:00,SKU_0035,STORE_004,True,0.94
INV_0000425,INC_001,2024-01-09T06:00:00+00:00,SKU_0035,STORE_005,False,0.9282
INV_0000426,INC_001,2024-01-09T06:00:00+00:00,SKU_0036,STORE_001,True,0.9241
INV_0000427,INC_001,2024-01-09T06:00:00+00:00,SKU_0036,STORE_002,True,0.9351
INV_0000428,INC_001,2024-01-09T06:00:00+00:00,SKU_0036,STORE_003,True,0.9594
INV_0000429,INC_001,2024-01-09T06:00:00+00:00,SKU_0036,STORE_004,True,0.9945
INV_0000430,INC_001,2024-01-09T06:00:00+00:00,SKU_0036,STORE_005,True,0.9003
INV_0000431,INC_001,2024-01-09T06:00:00+00:00,SKU_0037,STORE_001,True,0.9191
INV_0000432,INC_001,2024-01-09T06:00:00+00:00,SKU_0037,STORE_002,True,0.9273
INV_0000433,INC_001,2024-01-09T06:00:00+00:00,SKU_0037,STORE_003,True,0.9383
INV_0000434,INC_001,2024-01-09T06:00:00+00:00,SKU_0037,STORE_004,True,0.9227
INV_0000435,INC_001,2024-01-09T06:00:00+00:00,SKU_0037,STORE_005,True,0.9497
INV_0000436,INC_001,2024-01-09T06:00:00+00:00,SKU_0038,STORE_001,True,0.9302
INV_0000437,INC_001,2024-01-09T06:00:00+00:00,SKU_0038,STORE_002,True,0.9122
INV_0000438,INC_001,2024-01-09T06:00:00+00:00,SKU_0038,STORE_003,True,0.9538
INV_0000439,INC_001,2024-01-09T06:00:00+00:00,SKU_0038,STORE_004,True,0.9354
INV_0000440,INC_001,2024-01-09T06:00:00+00:00,SKU_0038,STORE_005,True,0.9414
INV_0000441,INC_001,2024-01-09T06:00:00+00:00,SKU_0039,STORE_001,True,0.9243
INV_0000442,INC_001,2024-01-09T06:00:00+00:00,SKU_0039,STORE_002,True,0.8785
INV_0000443,INC_001,2024-01-09T06:00:00+00:00,SKU_0039,STORE_003,True,0.9555
INV_0000444,INC_001,2024-01-09T06:00:00+00:00,SKU_0039,STORE_004,True,0.963
INV_0000445,INC_001,2024-01-09T06:00:00+00:00,SKU_0039,STORE_005,True,0.9598
INV_0000446,INC_001,2024-01-09T06:00:00+00:00,SKU_0040,STORE_001,True,0.9907
INV_0000447,INC_001,2024-01-09T06:00:00+00:00,SKU_0040,STORE_002,True,0.9531
INV_0000448,INC_001,2024-01-09T06:00:00+00:00,SKU_0040,STORE_003,True,0.9156
INV_0000449,INC_001,2024-01-09T06:00:00+00:00,SKU_0040,STORE_004,True,0.9645
INV_0000450,INC_001,2024-01-09T06:00:00+00:00,SKU_0040,STORE_005,True,0.9619
INV_0000451,INC_001,2024-01-09T06:00:00+00:00,SKU_0041,STORE_001,True,0.9745
INV_0000452,INC_001,2024-01-09T06:00:00+00:00,SKU_0041,STORE_002,True,0.9391
INV_0000453,INC_001,2024-01-09T06:00:00+00:00,SKU_0041,STORE_003,True,0.9303
INV_0000454,INC_001,2024-01-09T06:00:00+00:00,SKU_0041,STORE_004,True,0.9209
INV_0000455,INC_001,2024-01-09T06:00:00+00:00,SKU_0041,STORE_005,True,0.9428
INV_0000456,INC_001,2024-01-09T06:00:00+00:00,SKU_0042,STORE_001,False,0.9574
INV_0000457,INC_001,2024-01-09T06:00:00+00:00,SKU_0042,STORE_002,True,0.9237
INV_0000458,INC_001,2024-01-09T06:00:00+00:00,SKU_0042,STORE_003,False,0.9491
INV_0000459,INC_001,2024-01-09T06:00:00+00:00,SKU_0042,STORE_004,True,0.9189
INV_0000460,INC_001,2024-01-09T06:00:00+00:00,SKU_0042,STORE_005,True,0.9171
INV_0000461,INC_001,2024-01-09T06:00:00+00:00,SKU_0043,STORE_001,True,0.894
INV_0000462,INC_001,2024-01-09T06:00:00+00:00,SKU_0043,STORE_002,True,0.9101
INV_0000463,INC_001,2024-01-09T06:00:00+00:00,SKU_0043,STORE_003,True,0.9713
INV_0000464,INC_001,2024-01-09T06:00:00+00:00,SKU_0043,STORE_004,True,0.9666
INV_0000465,INC_001,2024-01-09T06:00:00+00:00,SKU_0043,STORE_005,True,0.9177
INV_0000466,INC_001,2024-01-09T06:00:00+00:00,SKU_0044,STORE_001,True,0.934
INV_0000467,INC_001,2024-01-09T06:00:00+00:00,SKU_0044,STORE_002,True,0.9753
INV_0000468,INC_001,2024-01-09T06:00:00+00:00,SKU_0044,STORE_003,True,0.9595
INV_0000469,INC_001,2024-01-09T06:00:00+00:00,SKU_0044,STORE_004,True,0.9065
INV_0000470,INC_001,2024-01-09T06:00:00+00:00,SKU_0044,STORE_005,False,0.9219
INV_0000471,INC_001,2024-01-09T06:00:00+00:00,SKU_0045,STORE_001,True,0.9442
INV_0000472,INC_001,2024-01-09T06:00:00+00:00,SKU_0045,STORE_002,True,0.9363
INV_0000473,INC_001,2024-01-09T06:00:00+00:00,SKU_0045,STORE_003,True,0.9142
INV_0000474,INC_001,2024-01-09T06:00:00+00:00,SKU_0045,STORE_004,True,0.9419
INV_0000475,INC_001,2024-01-09T06:00:00+00:00,SKU_0045,STORE_005,True,0.9179
INV_0000476,INC_001,2024-01-09T06:00:00+00:00,SKU_0046,STORE_001,True,0.9133
INV_0000477,INC_001,2024-01-09T06:00:00+00:00,SKU_0046,STORE_002,False,0.9281
INV_0000478,INC_001,2024-01-09T06:00:00+00:00,SKU_0046,STORE_003,True,0.9447
INV_0000479,INC_001,2024-01-09T06:00:00+00:00,SKU_0046,STORE_004,True,0.9731
INV_0000480,INC_001,2024-01-09T06:00:00+00:00,SKU_0046,STORE_005,True,0.9431
INV_0000481,INC_001,2024-01-09T06:00:00+00:00,SKU_0047,STORE_001,True,0.94
INV_0000482,INC_001,2024-01-09T06:00:00+00:00,SKU_0047,STORE_002,True,0.9584
INV_0000483,INC_001,2024-01-09T06:00:00+00:00,SKU_0047,STORE_003,True,0.9271
INV_0000484,INC_001,2024-01-09T06:00:00+00:00,SKU_0047,STORE_004,True,0.9321
INV_0000485,INC_001,2024-01-09T06:00:00+00:00,SKU_0047,STORE_005,True,0.9398
INV_0000486,INC_001,2024-01-09T06:00:00+00:00,SKU_0048,STORE_001,True,0.9554
INV_0000487,INC_001,2024-01-09T06:00:00+00:00,SKU_0048,STORE_002,True,0.9266
INV_0000488,INC_001,2024-01-09T06:00:00+00:00,SKU_0048,STORE_003,True,0.9691
INV_0000489,INC_001,2024-01-09T06:00:00+00:00,SKU_0048,STORE_004,True,0.9497
INV_0000490,INC_001,2024-01-09T06:00:00+00:00,SKU_0048,STORE_005,True,0.9283
INV_0000491,INC_001,2024-01-09T06:00:00+00:00,SKU_0049,STORE_001,True,0.9233
INV_0000492,INC_001,2024-01-09T06:00:00+00:00,SKU_0049,STORE_002,True,0.9595
INV_0000493,INC_001,2024-01-09T06:00:00+00:00,SKU_0049,STORE_003,True,0.9271
INV_0000494,INC_001,2024-01-09T06:00:00+00:00,SKU_0049,STORE_004,True,0.9122
INV_0000495,INC_001,2024-01-09T06:00:00+00:00,SKU_0049,STORE_005,True,0.9428
INV_0000496,INC_001,2024-01-09T06:00:00+00:00,SKU_0050,STORE_001,True,0.933
INV_0000497,INC_001,2024-01-09T06:00:00+00:00,SKU_0050,STORE_002,True,0.9433
INV_0000498,INC_001,2024-01-09T06:00:00+00:00,SKU_0050,STORE_003,True,0.9562
INV_0000499,INC_001,2024-01-09T06:00:00+00:00,SKU_0050,STORE_004,True,0.9214
INV_0000500,INC_001,2024-01-09T06:00:00+00:00,SKU_0050,STORE_005,True,0.9405
INV_0000501,INC_001,2024-01-10T06:00:00+00:00,SKU_0001,STORE_001,True,0.949
INV_0000502,INC_001,2024-01-10T06:00:00+00:00,SKU_0001,STORE_002,True,0.9667
INV_0000503,INC_001,2024-01-10T06:00:00+00:00,SKU_0001,STORE_003,True,0.9361
INV_0000504,INC_001,2024-01-10T06:00:00+00:00,SKU_0001,STORE_004,True,0.9386
INV_0000505,INC_001,2024-01-10T06:00:00+00:00,SKU_0001,STORE_005,True,0.9618
INV_0000506,INC_001,2024-01-10T06:00:00+00:00,SKU_0002,STORE_001,True,0.9671
INV_0000507,INC_001,2024-01-10T06:00:00+00:00,SKU_0002,STORE_002,True,0.9551
INV_0000508,INC_001,2024-01-10T06:00:00+00:00,SKU_0002,STORE_003,True,0.9097
INV_0000509,INC_001,2024-01-10T06:00:00+00:00,SKU_0002,STORE_004,True,0.9239
INV_0000510,INC_001,2024-01-10T06:00:00+00:00,SKU_0002,STORE_005,True,0.9374
INV_0000511,INC_001,2024-01-10T06:00:00+00:00,SKU_0003,STORE_001,True,0.9508
INV_0000512,INC_001,2024-01-10T06:00:00+00:00,SKU_0003,STORE_002,True,0.9366
INV_0000513,INC_001,2024-01-10T06:00:00+00:00,SKU_0003,STORE_003,True,0.9248
INV_0000514,INC_001,2024-01-10T06:00:00+00:00,SKU_0003,STORE_004,True,0.9286
INV_0000515,INC_001,2024-01-10T06:00:00+00:00,SKU_0003,STORE_005,True,0.9655
INV_0000516,INC_001,2024-01-10T06:00:00+00:00,SKU_0004,STORE_001,True,0.9292
INV_0000517,INC_001,2024-01-10T06:00:00+00:00,SKU_0004,STORE_002,False,0.938
INV_0000518,INC_001,2024-01-10T06:00:00+00:00,SKU_0004,STORE_003,True,0.9191
INV_0000519,INC_001,2024-01-10T06:00:00+00:00,SKU_0004,STORE_004,True,0.9019
INV_0000520,INC_001,2024-01-10T06:00:00+00:00,SKU_0004,STORE_005,True,0.9189
INV_0000521,INC_001,2024-01-10T06:00:00+00:00,SKU_0005,STORE_001,True,0.9477
INV_0000522,INC_001,2024-01-10T06:00:00+00:00,SKU_0005,STORE_002,True,0.9256
INV_0000523,INC_001,2024-01-10T06:00:00+00:00,SKU_0005,STORE_003,True,0.9442
INV_0000524,INC_001,2024-01-10T06:00:00+00:00,SKU_0005,STORE_004,True,0.9163
INV_0000525,INC_001,2024-01-10T06:00:00+00:00,SKU_0005,STORE_005,False,0.9195
INV_0000526,INC_001,2024-01-10T06:00:00+00:00,SKU_0006,STORE_001,True,0.9373
INV_0000527,INC_001,2024-01-10T06:00:00+00:00,SKU_0006,STORE_002,True,0.9514
INV_0000528,INC_001,2024-01-10T06:00:00+00:00,SKU_0006,STORE_003,True,0.9918
INV_0000529,INC_001,2024-01-10T06:00:00+00:00,SKU_0006,STORE_004,True,0.9223
INV_0000530,INC_001,2024-01-10T06:00:00+00:00,SKU_0006,STORE_005,True,0.966
INV_0000531,INC_001,2024-01-10T06:00:00+00:00,SKU_0007,STORE_001,True,0.9728
INV_0000532,INC_001,2024-01-10T06:00:00+00:00,SKU_0007,STORE_002,True,0.9299
INV_0000533,INC_001,2024-01-10T06:00:00+00:00,SKU_0007,STORE_003,True,0.9492
INV_0000534,INC_001,2024-01-10T06:00:00+00:00,SKU_0007,STORE_004,True,0.9204
INV_0000535,INC_001,2024-01-10T06:00:00+00:00,SKU_0007,STORE_005,True,0.9589
INV_0000536,INC_001,2024-01-10T06:00:00+00:00,SKU_0008,STORE_001,True,0.9396
INV_0000537,INC_001,2024-01-10T06:00:00+00:00,SKU_0008,STORE_002,True,0.9134
INV_0000538,INC_001,2024-01-10T06:00:00+00:00,SKU_0008,STORE_003,True,0.9451
INV_0000539,INC_001,2024-01-10T06:00:00+00:00,SKU_0008,STORE_004,True,0.9608
INV_0000540,INC_001,2024-01-10T06:00:00+00:00,SKU_0008,STORE_005,True,0.9047
INV_0000541,INC_001,2024-01-10T06:00:00+00:00,SKU_0009,STORE_001,True,0.9588
INV_0000542,INC_001,2024-01-10T06:00:00+00:00,SKU_0009,STORE_002,True,0.9504
INV_0000543,INC_001,2024-01-10T06:00:00+00:00,SKU_0009,STORE_003,True,0.9328
INV_0000544,INC_001,2024-01-10T06:00:00+00:00,SKU_0009,STORE_004,True,0.9382
INV_0000545,INC_001,2024-01-10T06:00:00+00:00,SKU_0009,STORE_005,True,0.9181
INV_0000546,INC_001,2024-01-10T06:00:00+00:00,SKU_0010,STORE_001,True,0.9775
INV_0000547,INC_001,2024-01-10T06:00:00+00:00,SKU_0010,STORE_002,True,0.9549
INV_0000548,INC_001,2024-01-10T06:00:00+00:00,SKU_0010,STORE_003,True,0.9326
INV_0000549,INC_001,2024-01-10T06:00:00+00:00,SKU_0010,STORE_004,True,0.9243
INV_0000550,INC_001,2024-01-10T06:00:00+00:00,SKU_0010,STORE_005,True,0.9343
INV_0000551,INC_001,2024-01-10T06:00:00+00:00,SKU_0011,STORE_001,True,0.9573
INV_0000552,INC_001,2024-01-10T06:00:00+00:00,SKU_0011,STORE_002,True,0.9589
INV_0000553,INC_001,2024-01-10T06:00:00+00:00,SKU_0011,STORE_003,True,0.9324
INV_0000554,INC_001,2024-01-10T06:00:00+00:00,SKU_0011,STORE_004,True,0.9353
INV_0000555,INC_001,2024-01-10T06:00:00+00:00,SKU_0011,STORE_005,True,0.9462
INV_0000556,INC_001,2024-01-10T06:00:00+00:00,SKU_0012,STORE_001,True,0.9194
INV_0000557,INC_001,2024-01-10T06:00:00+00:00,SKU_0012,STORE_002,True,0.9567
INV_0000558,INC_001,2024-01-10T06:00:00+00:00,SKU_0012,STORE_003,True,0.9386
INV_0000559,INC_001,2024-01-10T06:00:00+00:00,SKU_0012,STORE_004,True,0.9343
INV_0000560,INC_001,2024-01-10T06:00:00+00:00,SKU_0012,STORE_005,True,0.9514
INV_0000561,INC_001,2024-01-10T06:00:00+00:00,SKU_0013,STORE_001,True,0.9454
INV_0000562,INC_001,2024-01-10T06:00:00+00:00,SKU_0013,STORE_002,True,0.9267
INV_0000563,INC_001,2024-01-10T06:00:00+00:00,SKU_0013,STORE_003,True,0.9568
INV_0000564,INC_001,2024-01-10T06:00:00+00:00,SKU_0013,STORE_004,True,0.9313
INV_0000565,INC_001,2024-01-10T06:00:00+00:00,SKU_0013,STORE_005,True,0.8982
INV_0000566,INC_001,2024-01-10T06:00:00+00:00,SKU_0014,STORE_001,True,0.9119
INV_0000567,INC_001,2024-01-10T06:00:00+00:00,SKU_0014,STORE_002,True,0.9409
INV_0000568,INC_001,2024-01-10T06:00:00+00:00,SKU_0014,STORE_003,True,0.9617
INV_0000569,INC_001,2024-01-10T06:00:00+00:00,SKU_0014,STORE_004,True,0.9678
INV_0000570,INC_001,2024-01-10T06:00:00+00:00,SKU_0014,STORE_005,True,0.9385
INV_0000571,INC_001,2024-01-10T06:00:00+00:00,SKU_0015,STORE_001,True,0.9114
INV_0000572,INC_001,2024-01-10T06:00:00+00:00,SKU_0015,STORE_002,True,0.9411
INV_0000573,INC_001,2024-01-10T06:00:00+00:00,SKU_0015,STORE_003,True,0.9406
INV_0000574,INC_001,2024-01-10T06:00:00+00:00,SKU_0015,STORE_004,False,0.9137
INV_0000575,INC_001,2024-01-10T06:00:00+00:00,SKU_0015,STORE_005,True,0.9271
INV_0000576,INC_001,2024-01-10T06:00:00+00:00,SKU_0016,STORE_001,True,0.9297
INV_0000577,INC_001,2024-01-10T06:00:00+00:00,SKU_0016,STORE_002,True,0.9231
INV_0000578,INC_001,2024-01-10T06:00:00+00:00,SKU_0016,STORE_003,True,0.9628
INV_0000579,INC_001,2024-01-10T06:00:00+00:00,SKU_0016,STORE_004,True,0.9156
INV_0000580,INC_001,2024-01-10T06:00:00+00:00,SKU_0016,STORE_005,True,0.9401
INV_0000581,INC_001,2024-01-10T06:00:00+00:00,SKU_0017,STORE_001,True,0.9165
INV_0000582,INC_001,2024-01-10T06:00:00+00:00,SKU_0017,STORE_002,True,0.9349
INV_0000583,INC_001,2024-01-10T06:00:00+00:00,SKU_0017,STORE_003,True,0.9287
INV_0000584,INC_001,2024-01-10T06:00:00+00:00,SKU_0017,STORE_004,True,0.9365
INV_0000585,INC_001,2024-01-10T06:00:00+00:00,SKU_0017,STORE_005,True,0.9249
INV_0000586,INC_001,2024-01-10T06:00:00+00:00,SKU_0018,STORE_001,True,0.9553
INV_0000587,INC_001,2024-01-10T06:00:00+00:00,SKU_0018,STORE_002,True,0.96
INV_0000588,INC_001,2024-01-10T06:00:00+00:00,SKU_0018,STORE_003,True,0.9574
INV_0000589,INC_001,2024-01-10T06:00:00+00:00,SKU_0018,STORE_004,True,0.9339
INV_0000590,INC_001,2024-01-10T06:00:00+00:00,SKU_0018,STORE_005,True,0.9445
INV_0000591,INC_001,2024-01-10T06:00:00+00:00,SKU_0019,STORE_001,True,0.9978
INV_0000592,INC_001,2024-01-10T06:00:00+00:00,SKU_0019,STORE_002,True,0.9589
INV_0000593,INC_001,2024-01-10T06:00:00+00:00,SKU_0019,STORE_003,False,0.9285
INV_0000594,INC_001,2024-01-10T06:00:00+00:00,SKU_0019,STORE_004,True,0.9489
INV_0000595,INC_001,2024-01-10T06:00:00+00:00,SKU_0019,STORE_005,True,0.9385
INV_0000596,INC_001,2024-01-10T06:00:00+00:00,SKU_0020,STORE_001,True,0.9307
INV_0000597,INC_001,2024-01-10T06:00:00+00:00,SKU_0020,STORE_002,True,0.9513
INV_0000598,INC_001,2024-01-10T06:00:00+00:00,SKU_0020,STORE_003,True,0.9595
INV_0000599,INC_001,2024-01-10T06:00:00+00:00,SKU_0020,STORE_004,True,0.9605
INV_0000600,INC_001,2024-01-10T06:00:00+00:00,SKU_0020,STORE_005,True,0.9394
INV_0000601,INC_001,2024-01-10T06:00:00+00:00,SKU_0021,STORE_001,True,0.9448
INV_0000602,INC_001,2024-01-10T06:00:00+00:00,SKU_0021,STORE_002,True,0.9499
INV_0000603,INC_001,2024-01-10T06:00:00+00:00,SKU_0021,STORE_003,True,0.9663
INV_0000604,INC_001,2024-01-10T06:00:00+00:00,SKU_0021,STORE_004,True,0.9539
INV_0000605,INC_001,2024-01-10T06:00:00+00:00,SKU_0021,STORE_005,True,0.9378
INV_0000606,INC_001,2024-01-10T06:00:00+00:00,SKU_0022,STORE_001,True,0.9225
INV_0000607,INC_001,2024-01-10T06:00:00+00:00,SKU_0022,STORE_002,True,0.9328
INV_0000608,INC_001,2024-01-10T06:00:00+00:00,SKU_0022,STORE_003,True,0.9506
INV_0000609,INC_001,2024-01-10T06:00:00+00:00,SKU_0022,STORE_004,True,0.9893
INV_0000610,INC_001,2024-01-10T06:00:00+00:00,SKU_0022,STORE_005,True,0.9865
INV_0000611,INC_001,2024-01-10T06:00:00+00:00,SKU_0023,STORE_001,True,0.9272
INV_0000612,INC_001,2024-01-10T06:00:00+00:00,SKU_0023,STORE_002,False,0.9344
INV_0000613,INC_001,2024-01-10T06:00:00+00:00,SKU_0023,STORE_003,True,0.9259
INV_0000614,INC_001,2024-01-10T06:00:00+00:00,SKU_0023,STORE_004,True,0.9395
INV_0000615,INC_001,2024-01-10T06:00:00+00:00,SKU_0023,STORE_005,True,0.9242
INV_0000616,INC_001,2024-01-10T06:00:00+00:00,SKU_0024,STORE_001,True,0.9207
INV_0000617,INC_001,2024-01-10T06:00:00+00:00,SKU_0024,STORE_002,True,0.9218
INV_0000618,INC_001,2024-01-10T06:00:00+00:00,SKU_0024,STORE_003,True,0.9258
INV_0000619,INC_001,2024-01-10T06:00:00+00:00,SKU_0024,STORE_004,True,0.9274
INV_0000620,INC_001,2024-01-10T06:00:00+00:00,SKU_0024,STORE_005,True,0.9426
INV_0000621,INC_001,2024-01-10T06:00:00+00:00,SKU_0025,STORE_001,True,0.97
INV_0000622,INC_001,2024-01-10T06:00:00+00:00,SKU_0025,STORE_002,True,0.9831
INV_0000623,INC_001,2024-01-10T06:00:00+00:00,SKU_0025,STORE_003,True,0.9394
INV_0000624,INC_001,2024-01-10T06:00:00+00:00,SKU_0025,STORE_004,True,0.9407
INV_0000625,INC_001,2024-01-10T06:00:00+00:00,SKU_0025,STORE_005,True,0.9716
INV_0000626,INC_001,2024-01-10T06:00:00+00:00,SKU_0026,STORE_001,True,0.9284
INV_0000627,INC_001,2024-01-10T06:00:00+00:00,SKU_0026,STORE_002,True,0.9069
INV_0000628,INC_001,2024-01-10T06:00:00+00:00,SKU_0026,STORE_003,True,0.9177
INV_0000629,INC_001,2024-01-10T06:00:00+00:00,SKU_0026,STORE_004,True,0.9539
INV_0000630,INC_001,2024-01-10T06:00:00+00:00,SKU_0026,STORE_005,True,0.9314
INV_0000631,INC_001,2024-01-10T06:00:00+00:00,SKU_0027,STORE_001,True,0.9432
INV_0000632,INC_001,2024-01-10T06:00:00+00:00,SKU_0027,STORE_002,True,0.9622
INV_0000633,INC_001,2024-01-10T06:00:00+00:00,SKU_0027,STORE_003,True,0.9519
INV_0000634,INC_001,2024-01-10T06:00:00+00:00,SKU_0027,STORE_004,True,0.9298
INV_0000635,INC_001,2024-01-10T06:00:00+00:00,SKU_0027,STORE_005,True,0.942
INV_0000636,INC_001,2024-01-10T06:00:00+00:00,SKU_0028,STORE_001,True,0.9372
INV_0000637,INC_001,2024-01-10T06:00:00+00:00,SKU_0028,STORE_002,True,0.9438
INV_0000638,INC_001,2024-01-10T06:00:00+00:00,SKU_0028,STORE_003,True,0.9467
INV_0000639,INC_001,2024-01-10T06:00:00+00:00,SKU_0028,STORE_004,True,0.924
INV_0000640,INC_001,2024-01-10T06:00:00+00:00,SKU_0028,STORE_005,True,0.9582
INV_0000641,INC_001,2024-01-10T06:00:00+00:00,SKU_0029,STORE_001,True,0.9541
INV_0000642,INC_001,2024-01-10T06:00:00+00:00,SKU_0029,STORE_002,True,0.9346
INV_0000643,INC_001,2024-01-10T06:00:00+00:00,SKU_0029,STORE_003,True,0.9265
INV_0000644,INC_001,2024-01-10T06:00:00+00:00,SKU_0029,STORE_004,True,0.945
INV_0000645,INC_001,2024-01-10T06:00:00+00:00,SKU_0029,STORE_005,True,0.9434
INV_0000646,INC_001,2024-01-10T06:00:00+00:00,SKU_0030,STORE_001,True,0.9626
INV_0000647,INC_001,2024-01-10T06:00:00+00:00,SKU_0030,STORE_002,True,0.9392
INV_0000648,INC_001,2024-01-10T06:00:00+00:00,SKU_0030,STORE_003,True,0.9323
INV_0000649,INC_001,2024-01-10T06:00:00+00:00,SKU_0030,STORE_004,True,0.9629
INV_0000650,INC_001,2024-01-10T06:00:00+00:00,SKU_0030,STORE_005,True,0.9508
INV_0000651,INC_001,2024-01-10T06:00:00+00:00,SKU_0031,STORE_001,True,0.9244
INV_0000652,INC_001,2024-01-10T06:00:00+00:00,SKU_0031,STORE_002,True,0.9462
INV_0000653,INC_001,2024-01-10T06:00:00+00:00,SKU_0031,STORE_003,True,0.9193
INV_0000654,INC_001,2024-01-10T06:00:00+00:00,SKU_0031,STORE_004,True,0.9423
INV_0000655,INC_001,2024-01-10T06:00:00+00:00,SKU_0031,STORE_005,True,0.9216
INV_0000656,INC_001,2024-01-10T06:00:00+00:00,SKU_0032,STORE_001,False,0.9394
INV_0000657,INC_001,2024-01-10T06:00:00+00:00,SKU_0032,STORE_002,True,0.9428
INV_0000658,INC_001,2024-01-10T06:00:00+00:00,SKU_0032,STORE_003,True,0.9395
INV_0000659,INC_001,2024-01-10T06:00:00+00:00,SKU_0032,STORE_004,True,0.9248
INV_0000660,INC_001,2024-01-10T06:00:00+00:00,SKU_0032,STORE_005,True,0.9511
INV_0000661,INC_001,2024-01-10T06:00:00+00:00,SKU_0033,STORE_001,False,0.9254
INV_0000662,INC_001,2024-01-10T06:00:00+00:00,SKU_0033,STORE_002,True,0.9282
INV_0000663,INC_001,2024-01-10T06:00:00+00:00,SKU_0033,STORE_003,True,0.9314
INV_0000664,INC_001,2024-01-10T06:00:00+00:00,SKU_0033,STORE_004,True,0.9241
INV_0000665,INC_001,2024-01-10T06:00:00+00:00,SKU_0033,STORE_005,True,0.94
INV_0000666,INC_001,2024-01-10T06:00:00+00:00,SKU_0034,STORE_001,True,0.9201
INV_0000667,INC_001,2024-01-10T06:00:00+00:00,SKU_0034,STORE_002,False,0.8872
INV_0000668,INC_001,2024-01-10T06:00:00+00:00,SKU_0034,STORE_003,True,0.9511
INV_0000669,INC_001,2024-01-10T06:00:00+00:00,SKU_0034,STORE_004,True,0.9506
INV_0000670,INC_001,2024-01-10T06:00:00+00:00,SKU_0034,STORE_005,True,0.9195
INV_0000671,INC_001,2024-01-10T06:00:00+00:00,SKU_0035,STORE_001,True,0.943
INV_0000672,INC_001,2024-01-10T06:00:00+00:00,SKU_0035,STORE_002,True,0.9317
INV_0000673,INC_001,2024-01-10T06:00:00+00:00,SKU_0035,STORE_003,True,0.9399
INV_0000674,INC_001,2024-01-10T06:00:00+00:00,SKU_0035,STORE_004,True,0.9327
INV_0000675,INC_001,2024-01-10T06:00:00+00:00,SKU_0035,STORE_005,True,0.9434
INV_0000676,INC_001,2024-01-10T06:00:00+00:00,SKU_0036,STORE_001,True,0.9885
INV_0000677,INC_001,2024-01-10T06:00:00+00:00,SKU_0036,STORE_002,False,0.9428
INV_0000678,INC_001,2024-01-10T06:00:00+00:00,SKU_0036,STORE_003,True,0.9362
INV_0000679,INC_001,2024-01-10T06:00:00+00:00,SKU_0036,STORE_004,True,0.9322
INV_0000680,INC_001,2024-01-10T06:00:00+00:00,SKU_0036,STORE_005,True,0.9281
INV_0000681,INC_001,2024-01-10T06:00:00+00:00,SKU_0037,STORE_001,True,0.9629
INV_0000682,INC_001,2024-01-10T06:00:00+00:00,SKU_0037,STORE_002,True,0.9468
INV_0000683,INC_001,2024-01-10T06:00:00+00:00,SKU_0037,STORE_003,True,0.9333
INV_0000684,INC_001,2024-01-10T06:00:00+00:00,SKU_0037,STORE_004,True,0.9466
INV_0000685,INC_001,2024-01-10T06:00:00+00:00,SKU_0037,STORE_005,True,0.9379
INV_0000686,INC_001,2024-01-10T06:00:00+00:00,SKU_0038,STORE_001,True,0.952
INV_0000687,INC_001,2024-01-10T06:00:00+00:00,SKU_0038,STORE_002,True,0.9348
INV_0000688,INC_001,2024-01-10T06:00:00+00:00,SKU_0038,STORE_003,True,0.9554
INV_0000689,INC_001,2024-01-10T06:00:00+00:00,SKU_0038,STORE_004,True,0.9234
INV_0000690,INC_001,2024-01-10T06:00:00+00:00,SKU_0038,STORE_005,True,0.9556
INV_0000691,INC_001,2024-01-10T06:00:00+00:00,SKU_0039,STORE_001,True,0.9293
INV_0000692,INC_001,2024-01-10T06:00:00+00:00,SKU_0039,STORE_002,True,0.9549
INV_0000693,INC_001,2024-01-10T06:00:00+00:00,SKU_0039,STORE_003,True,0.9535
INV_0000694,INC_001,2024-01-10T06:00:00+00:00,SKU_0039,STORE_004,True,0.9455
INV_0000695,INC_001,2024-01-10T06:00:00+00:00,SKU_0039,STORE_005,True,0.9618
INV_0000696,INC_001,2024-01-10T06:00:00+00:00,SKU_0040,STORE_001,True,0.9431
INV_0000697,INC_001,2024-01-10T06:00:00+00:00,SKU_0040,STORE_002,True,0.9675
INV_0000698,INC_001,2024-01-10T06:00:00+00:00,SKU_0040,STORE_003,True,0.9635
INV_0000699,INC_001,2024-01-10T06:00:00+00:00,SKU_0040,STORE_004,True,0.9306
INV_0000700,INC_001,2024-01-10T06:00:00+00:00,SKU_0040,STORE_005,True,0.9271
INV_0000701,INC_001,2024-01-10T06:00:00+00:00,SKU_0041,STORE_001,True,0.9074
INV_0000702,INC_001,2024-01-10T06:00:00+00:00,SKU_0041,STORE_002,True,0.9395
INV_0000703,INC_001,2024-01-10T06:00:00+00:00,SKU_0041,STORE_003,True,0.9104
INV_0000704,INC_001,2024-01-10T06:00:00+00:00,SKU_0041,STORE_004,True,0.9065
INV_0000705,INC_001,2024-01-10T06:00:00+00:00,SKU_0041,STORE_005,True,0.9455
INV_0000706,INC_001,2024-01-10T06:00:00+00:00,SKU_0042,STORE_001,True,0.9337
INV_0000707,INC_001,2024-01-10T06:00:00+00:00,SKU_0042,STORE_002,True,0.9059
INV_0000708,INC_001,2024-01-10T06:00:00+00:00,SKU_0042,STORE_003,True,0.9397
INV_0000709,INC_001,2024-01-10T06:00:00+00:00,SKU_0042,STORE_004,True,0.9337
INV_0000710,INC_001,2024-01-10T06:00:00+00:00,SKU_0042,STORE_005,True,0.927
INV_0000711,INC_001,2024-01-10T06:00:00+00:00,SKU_0043,STORE_001,True,0.9035
INV_0000712,INC_001,2024-01-10T06:00:00+00:00,SKU_0043,STORE_002,True,0.9311
INV_0000713,INC_001,2024-01-10T06:00:00+00:00,SKU_0043,STORE_003,True,0.9321
INV_0000714,INC_001,2024-01-10T06:00:00+00:00,SKU_0043,STORE_004,True,0.9096
INV_0000715,INC_001,2024-01-10T06:00:00+00:00,SKU_0043,STORE_005,True,0.9234
INV_0000716,INC_001,2024-01-10T06:00:00+00:00,SKU_0044,STORE_001,True,0.9375
INV_0000717,INC_001,2024-01-10T06:00:00+00:00,SKU_0044,STORE_002,True,0.9535
INV_0000718,INC_001,2024-01-10T06:00:00+00:00,SKU_0044,STORE_003,True,0.933
INV_0000719,INC_001,2024-01-10T06:00:00+00:00,SKU_0044,STORE_004,True,0.9343
INV_0000720,INC_001,2024-01-10T06:00:00+00:00,SKU_0044,STORE_005,True,0.9268
INV_0000721,INC_001,2024-01-10T06:00:00+00:00,SKU_0045,STORE_001,True,0.9379
INV_0000722,INC_001,2024-01-10T06:00:00+00:00,SKU_0045,STORE_002,True,0.9291
INV_0000723,INC_001,2024-01-10T06:00:00+00:00,SKU_0045,STORE_003,True,0.9251
INV_0000724,INC_001,2024-01-10T06:00:00+00:00,SKU_0045,STORE_004,True,0.9418
INV_0000725,INC_001,2024-01-10T06:00:00+00:00,SKU_0045,STORE_005,True,0.9514
INV_0000726,INC_001,2024-01-10T06:00:00+00:00,SKU_0046,STORE_001,True,0.9529
INV_0000727,INC_001,2024-01-10T06:00:00+00:00,SKU_0046,STORE_002,True,0.9058
INV_0000728,INC_001,2024-01-10T06:00:00+00:00,SKU_0046,STORE_003,True,0.9514
INV_0000729,INC_001,2024-01-10T06:00:00+00:00,SKU_0046,STORE_004,True,0.9243
INV_0000730,INC_001,2024-01-10T06:00:00+00:00,SKU_0046,STORE_005,True,0.9421
INV_0000731,INC_001,2024-01-10T06:00:00+00:00,SKU_0047,STORE_001,True,0.9236
INV_0000732,INC_001,2024-01-10T06:00:00+00:00,SKU_0047,STORE_002,True,0.9116
INV_0000733,INC_001,2024-01-10T06:00:00+00:00,SKU_0047,STORE_003,True,0.944
INV_0000734,INC_001,2024-01-10T06:00:00+00:00,SKU_0047,STORE_004,True,0.9525
INV_0000735,INC_001,2024-01-10T06:00:00+00:00,SKU_0047,STORE_005,True,0.9071
INV_0000736,INC_001,2024-01-10T06:00:00+00:00,SKU_0048,STORE_001,True,0.9383
INV_0000737,INC_001,2024-01-10T06:00:00+00:00,SKU_0048,STORE_002,True,0.9159
INV_0000738,INC_001,2024-01-10T06:00:00+00:00,SKU_0048,STORE_003,True,0.9301
INV_0000739,INC_001,2024-01-10T06:00:00+00:00,SKU_0048,STORE_004,True,0.9493
INV_0000740,INC_001,2024-01-10T06:00:00+00:00,SKU_0048,STORE_005,True,0.9312
INV_0000741,INC_001,2024-01-10T06:00:00+00:00,SKU_0049,STORE_001,True,0.9563
INV_0000742,INC_001,2024-01-10T06:00:00+00:00,SKU_0049,STORE_002,True,0.9153
INV_0000743,INC_001,2024-01-10T06:00:00+00:00,SKU_0049,STORE_003,True,0.9502
INV_0000744,INC_001,2024-01-10T06:00:00+00:00,SKU_0049,STORE_004,True,0.9405
INV_0000745,INC_001,2024-01-10T06:00:00+00:00,SKU_0049,STORE_005,True,0.942
INV_0000746,INC_001,2024-01-10T06:00:00+00:00,SKU_0050,STORE_001,True,0.928
INV_0000747,INC_001,2024-01-10T06:00:00+00:00,SKU_0050,STORE_002,True,0.9228
INV_0000748,INC_001,2024-01-10T06:00:00+00:00,SKU_0050,STORE_003,True,0.9132
INV_0000749,INC_001,2024-01-10T06:00:00+00:00,SKU_0050,STORE_004,True,0.959
INV_0000750,INC_001,2024-01-10T06:00:00+00:00,SKU_0050,STORE_005,True,0.9497
INV_0000751,INC_001,2024-01-11T06:00:00+00:00,SKU_0001,STORE_001,True,0.9478
INV_0000752,INC_001,2024-01-11T06:00:00+00:00,SKU_0001,STORE_002,True,0.8825
INV_0000753,INC_001,2024-01-11T06:00:00+00:00,SKU_0001,STORE_003,True,0.924
INV_0000754,INC_001,2024-01-11T06:00:00+00:00,SKU_0001,STORE_004,True,0.942
INV_0000755,INC_001,2024-01-11T06:00:00+00:00,SKU_0001,STORE_005,True,0.908
INV_0000756,INC_001,2024-01-11T06:00:00+00:00,SKU_0002,STORE_001,True,0.9689
INV_0000757,INC_001,2024-01-11T06:00:00+00:00,SKU_0002,STORE_002,True,0.9264
INV_0000758,INC_001,2024-01-11T06:00:00+00:00,SKU_0002,STORE_003,True,0.942
INV_0000759,INC_001,2024-01-11T06:00:00+00:00,SKU_0002,STORE_004,True,0.9329
INV_0000760,INC_001,2024-01-11T06:00:00+00:00,SKU_0002,STORE_005,True,0.912
INV_0000761,INC_001,2024-01-11T06:00:00+00:00,SKU_0003,STORE_001,True,0.9348
INV_0000762,INC_001,2024-01-11T06:00:00+00:00,SKU_0003,STORE_002,True,0.9177
INV_0000763,INC_001,2024-01-11T06:00:00+00:00,SKU_0003,STORE_003,True,0.924
INV_0000764,INC_001,2024-01-11T06:00:00+00:00,SKU_0003,STORE_004,True,0.9414
INV_0000765,INC_001,2024-01-11T06:00:00+00:00,SKU_0003,STORE_005,True,0.9428
INV_0000766,INC_001,2024-01-11T06:00:00+00:00,SKU_0004,STORE_001,True,0.9478
INV_0000767,INC_001,2024-01-11T06:00:00+00:00,SKU_0004,STORE_002,True,0.937
INV_0000768,INC_001,2024-01-11T06:00:00+00:00,SKU_0004,STORE_003,True,0.961
INV_0000769,INC_001,2024-01-11T06:00:00+00:00,SKU_0004,STORE_004,True,0.9568
INV_0000770,INC_001,2024-01-11T06:00:00+00:00,SKU_0004,STORE_005,True,0.9386
INV_0000771,INC_001,2024-01-11T06:00:00+00:00,SKU_0005,STORE_001,True,0.9448
INV_0000772,INC_001,2024-01-11T06:00:00+00:00,SKU_0005,STORE_002,True,0.9404
INV_0000773,INC_001,2024-01-11T06:00:00+00:00,SKU_0005,STORE_003,True,0.9165
INV_0000774,INC_001,2024-01-11T06:00:00+00:00,SKU_0005,STORE_004,False,0.9351
INV_0000775,INC_001,2024-01-11T06:00:00+00:00,SKU_0005,STORE_005,True,0.9377
INV_0000776,INC_001,2024-01-11T06:00:00+00:00,SKU_0006,STORE_001,True,0.9169
INV_0000777,INC_001,2024-01-11T06:00:00+00:00,SKU_0006,STORE_002,True,0.9762
INV_0000778,INC_001,2024-01-11T06:00:00+00:00,SKU_0006,STORE_003,True,0.9606
INV_0000779,INC_001,2024-01-11T06:00:00+00:00,SKU_0006,STORE_004,True,0.9303
INV_0000780,INC_001,2024-01-11T06:00:00+00:00,SKU_0006,STORE_005,True,0.9579
INV_0000781,INC_001,2024-01-11T06:00:00+00:00,SKU_0007,STORE_001,True,0.9799
INV_0000782,INC_001,2024-01-11T06:00:00+00:00,SKU_0007,STORE_002,True,0.9435
INV_0000783,INC_001,2024-01-11T06:00:00+00:00,SKU_0007,STORE_003,True,0.9702
INV_0000784,INC_001,2024-01-11T06:00:00+00:00,SKU_0007,STORE_004,True,0.9154
INV_0000785,INC_001,2024-01-11T06:00:00+00:00,SKU_0007,STORE_005,True,0.9618
INV_0000786,INC_001,2024-01-11T06:00:00+00:00,SKU_0008,STORE_001,True,0.9432
INV_0000787,INC_001,2024-01-11T06:00:00+00:00,SKU_0008,STORE_002,True,0.9294
INV_0000788,INC_001,2024-01-11T06:00:00+00:00,SKU_0008,STORE_003,True,0.9452
INV_0000789,INC_001,2024-01-11T06:00:00+00:00,SKU_0008,STORE_004,False,0.9339
INV_0000790,INC_001,2024-01-11T06:00:00+00:00,SKU_0008,STORE_005,True,0.9324
INV_0000791,INC_001,2024-01-11T06:00:00+00:00,SKU_0009,STORE_001,True,0.984
INV_0000792,INC_001,2024-01-11T06:00:00+00:00,SKU_0009,STORE_002,True,0.9704
INV_0000793,INC_001,2024-01-11T06:00:00+00:00,SKU_0009,STORE_003,True,0.9621
INV_0000794,INC_001,2024-01-11T06:00:00+00:00,SKU_0009,STORE_004,True,0.9376
INV_0000795,INC_001,2024-01-11T06:00:00+00:00,SKU_0009,STORE_005,True,0.9573
INV_0000796,INC_001,2024-01-11T06:00:00+00:00,SKU_0010,STORE_001,True,0.9105
INV_0000797,INC_001,2024-01-11T06:00:00+00:00,SKU_0010,STORE_002,True,0.9181
INV_0000798,INC_001,2024-01-11T06:00:00+00:00,SKU_0010,STORE_003,True,0.9766
INV_0000799,INC_001,2024-01-11T06:00:00+00:00,SKU_0010,STORE_004,True,0.9573
INV_0000800,INC_001,2024-01-11T06:00:00+00:00,SKU_0010,STORE_005,True,0.9146
INV_0000801,INC_001,2024-01-11T06:00:00+00:00,SKU_0011,STORE_001,True,0.8922
INV_0000802,INC_001,2024-01-11T06:00:00+00:00,SKU_0011,STORE_002,True,0.9076
INV_0000803,INC_001,2024-01-11T06:00:00+00:00,SKU_0011,STORE_003,True,0.9366
INV_0000804,INC_001,2024-01-11T06:00:00+00:00,SKU_0011,STORE_004,True,0.9731
INV_0000805,INC_001,2024-01-11T06:00:00+00:00,SKU_0011,STORE_005,True,0.9795
INV_0000806,INC_001,2024-01-11T06:00:00+00:00,SKU_0012,STORE_001,True,0.9486
INV_0000807,INC_001,2024-01-11T06:00:00+00:00,SKU_0012,STORE_002,True,0.9212
INV_0000808,INC_001,2024-01-11T06:00:00+00:00,SKU_0012,STORE_003,False,0.9622
INV_0000809,INC_001,2024-01-11T06:00:00+00:00,SKU_0012,STORE_004,True,0.9091
INV_0000810,INC_001,2024-01-11T06:00:00+00:00,SKU_0012,STORE_005,False,0.9315
INV_0000811,INC_001,2024-01-11T06:00:00+00:00,SKU_0013,STORE_001,True,0.947
INV_0000812,INC_001,2024-01-11T06:00:00+00:00,SKU_0013,STORE_002,True,0.9359
INV_0000813,INC_001,2024-01-11T06:00:00+00:00,SKU_0013,STORE_003,False,0.9821
INV_0000814,INC_001,2024-01-11T06:00:00+00:00,SKU_0013,STORE_004,True,0.9144
INV_0000815,INC_001,2024-01-11T06:00:00+00:00,SKU_0013,STORE_005,True,0.9272
INV_0000816,INC_001,2024-01-11T06:00:00+00:00,SKU_0014,STORE_001,True,0.9441
INV_0000817,INC_001,2024-01-11T06:00:00+00:00,SKU_0014,STORE_002,True,0.9811
INV_0000818,INC_001,2024-01-11T06:00:00+00:00,SKU_0014,STORE_003,True,0.9312
INV_0000819,INC_001,2024-01-11T06:00:00+00:00,SKU_0014,STORE_004,True,0.9324
INV_0000820,INC_001,2024-01-11T06:00:00+00:00,SKU_0014,STORE_005,True,0.9672
INV_0000821,INC_001,2024-01-11T06:00:00+00:00,SKU_0015,STORE_001,True,0.893
INV_0000822,INC_001,2024-01-11T06:00:00+00:00,SKU_0015,STORE_002,True,0.9516
INV_0000823,INC_001,2024-01-11T06:00:00+00:00,SKU_0015,STORE_003,False,0.9299
INV_0000824,INC_001,2024-01-11T06:00:00+00:00,SKU_0015,STORE_004,True,0.9391
INV_0000825,INC_001,2024-01-11T06:00:00+00:00,SKU_0015,STORE_005,True,0.8932
INV_0000826,INC_001,2024-01-11T06:00:00+00:00,SKU_0016,STORE_001,True,0.9732
INV_0000827,INC_001,2024-01-11T06:00:00+00:00,SKU_0016,STORE_002,True,0.9769
INV_0000828,INC_001,2024-01-11T06:00:00+00:00,SKU_0016,STORE_003,True,0.9216
INV_0000829,INC_001,2024-01-11T06:00:00+00:00,SKU_0016,STORE_004,True,0.9251
INV_0000830,INC_001,2024-01-11T06:00:00+00:00,SKU_0016,STORE_005,True,0.9488
INV_0000831,INC_001,2024-01-11T06:00:00+00:00,SKU_0017,STORE_001,True,0.9929
INV_0000832,INC_001,2024-01-11T06:00:00+00:00,SKU_0017,STORE_002,True,0.9511
INV_0000833,INC_001,2024-01-11T06:00:00+00:00,SKU_0017,STORE_003,True,0.9083
INV_0000834,INC_001,2024-01-11T06:00:00+00:00,SKU_0017,STORE_004,True,0.9557
INV_0000835,INC_001,2024-01-11T06:00:00+00:00,SKU_0017,STORE_005,True,0.9434
INV_0000836,INC_001,2024-01-11T06:00:00+00:00,SKU_0018,STORE_001,True,0.8995
INV_0000837,INC_001,2024-01-11T06:00:00+00:00,SKU_0018,STORE_002,True,0.9373
INV_0000838,INC_001,2024-01-11T06:00:00+00:00,SKU_0018,STORE_003,True,0.9169
INV_0000839,INC_001,2024-01-11T06:00:00+00:00,SKU_0018,STORE_004,True,0.9245
INV_0000840,INC_001,2024-01-11T06:00:00+00:00,SKU_0018,STORE_005,True,0.9271
INV_0000841,INC_001,2024-01-11T06:00:00+00:00,SKU_0019,STORE_001,True,0.9264
INV_0000842,INC_001,2024-01-11T06:00:00+00:00,SKU_0019,STORE_002,True,0.9269
INV_0000843,INC_001,2024-01-11T06:00:00+00:00,SKU_0019,STORE_003,True,0.9686
INV_0000844,INC_001,2024-01-11T06:00:00+00:00,SKU_0019,STORE_004,True,0.9158
INV_0000845,INC_001,2024-01-11T06:00:00+00:00,SKU_0019,STORE_005,True,0.9425
INV_0000846,INC_001,2024-01-11T06:00:00+00:00,SKU_0020,STORE_001,True,0.9009
INV_0000847,INC_001,2024-01-11T06:00:00+00:00,SKU_0020,STORE_002,True,0.9445
INV_0000848,INC_001,2024-01-11T06:00:00+00:00,SKU_0020,STORE_003,False,0.9369
INV_0000849,INC_001,2024-01-11T06:00:00+00:00,SKU_0020,STORE_004,True,0.9528
INV_0000850,INC_001,2024-01-11T06:00:00+00:00,SKU_0020,STORE_005,True,0.9703
INV_0000851,INC_001,2024-01-11T06:00:00+00:00,SKU_0021,STORE_001,True,0.9436
INV_0000852,INC_001,2024-01-11T06:00:00+00:00,SKU_0021,STORE_002,True,0.9404
INV_0000853,INC_001,2024-01-11T06:00:00+00:00,SKU_0021,STORE_003,True,0.9543
INV_0000854,INC_001,2024-01-11T06:00:00+00:00,SKU_0021,STORE_004,True,0.9812
INV_0000855,INC_001,2024-01-11T06:00:00+00:00,SKU_0021,STORE_005,True,0.9374
INV_0000856,INC_001,2024-01-11T06:00:00+00:00,SKU_0022,STORE_001,True,0.9508
INV_0000857,INC_001,2024-01-11T06:00:00+00:00,SKU_0022,STORE_002,True,0.9384
INV_0000858,INC_001,2024-01-11T06:00:00+00:00,SKU_0022,STORE_003,True,0.9248
INV_0000859,INC_001,2024-01-11T06:00:00+00:00,SKU_0022,STORE_004,True,0.9874
INV_0000860,INC_001,2024-01-11T06:00:00+00:00,SKU_0022,STORE_005,True,0.931
INV_0000861,INC_001,2024-01-11T06:00:00+00:00,SKU_0023,STORE_001,True,0.9625
INV_0000862,INC_001,2024-01-11T06:00:00+00:00,SKU_0023,STORE_002,True,0.9342
INV_0000863,INC_001,2024-01-11T06:00:00+00:00,SKU_0023,STORE_003,True,0.9157
INV_0000864,INC_001,2024-01-11T06:00:00+00:00,SKU_0023,STORE_004,True,0.9245
INV_0000865,INC_001,2024-01-11T06:00:00+00:00,SKU_0023,STORE_005,True,0.9617
INV_0000866,INC_001,2024-01-11T06:00:00+00:00,SKU_0024,STORE_001,True,0.9263
INV_0000867,INC_001,2024-01-11T06:00:00+00:00,SKU_0024,STORE_002,True,0.9387
INV_0000868,INC_001,2024-01-11T06:00:00+00:00,SKU_0024,STORE_003,True,0.9034
INV_0000869,INC_001,2024-01-11T06:00:00+00:00,SKU_0024,STORE_004,True,0.9114
INV_0000870,INC_001,2024-01-11T06:00:00+00:00,SKU_0024,STORE_005,True,0.9702
INV_0000871,INC_001,2024-01-11T06:00:00+00:00,SKU_0025,STORE_001,True,0.9251
INV_0000872,INC_001,2024-01-11T06:00:00+00:00,SKU_0025,STORE_002,True,0.9193
INV_0000873,INC_001,2024-01-11T06:00:00+00:00,SKU_0025,STORE_003,True,0.9344
INV_0000874,INC_001,2024-01-11T06:00:00+00:00,SKU_0025,STORE_004,True,0.9391
INV_0000875,INC_001,2024-01-11T06:00:00+00:00,SKU_0025,STORE_005,True,0.9677
INV_0000876,INC_001,2024-01-11T06:00:00+00:00,SKU_0026,STORE_001,True,0.9308
INV_0000877,INC_001,2024-01-11T06:00:00+00:00,SKU_0026,STORE_002,True,0.9577
INV_0000878,INC_001,2024-01-11T06:00:00+00:00,SKU_0026,STORE_003,True,0.9417
INV_0000879,INC_001,2024-01-11T06:00:00+00:00,SKU_0026,STORE_004,True,0.9264
INV_0000880,INC_001,2024-01-11T06:00:00+00:00,SKU_0026,STORE_005,True,0.9271
INV_0000881,INC_001,2024-01-11T06:00:00+00:00,SKU_0027,STORE_001,True,0.9203
INV_0000882,INC_001,2024-01-11T06:00:00+00:00,SKU_0027,STORE_002,True,0.9172
INV_0000883,INC_001,2024-01-11T06:00:00+00:00,SKU_0027,STORE_003,True,0.9353
INV_0000884,INC_001,2024-01-11T06:00:00+00:00,SKU_0027,STORE_004,True,0.9425
INV_0000885,INC_001,2024-01-11T06:00:00+00:00,SKU_0027,STORE_005,True,0.9281
INV_0000886,INC_001,2024-01-11T06:00:00+00:00,SKU_0028,STORE_001,True,0.8905
INV_0000887,INC_001,2024-01-11T06:00:00+00:00,SKU_0028,STORE_002,False,0.9422
INV_0000888,INC_001,2024-01-11T06:00:00+00:00,SKU_0028,STORE_003,True,0.9352
INV_0000889,INC_001,2024-01-11T06:00:00+00:00,SKU_0028,STORE_004,True,0.9334
INV_0000890,INC_001,2024-01-11T06:00:00+00:00,SKU_0028,STORE_005,True,0.9442
INV_0000891,INC_001,2024-01-11T06:00:00+00:00,SKU_0029,STORE_001,True,0.9458
INV_0000892,INC_001,2024-01-11T06:00:00+00:00,SKU_0029,STORE_002,True,0.9312
INV_0000893,INC_001,2024-01-11T06:00:00+00:00,SKU_0029,STORE_003,True,0.9408
INV_0000894,INC_001,2024-01-11T06:00:00+00:00,SKU_0029,STORE_004,True,0.9466
INV_0000895,INC_001,2024-01-11T06:00:00+00:00,SKU_0029,STORE_005,True,0.9712
INV_0000896,INC_001,2024-01-11T06:00:00+00:00,SKU_0030,STORE_001,True,0.949
INV_0000897,INC_001,2024-01-11T06:00:00+00:00,SKU_0030,STORE_002,True,0.9472
INV_0000898,INC_001,2024-01-11T06:00:00+00:00,SKU_0030,STORE_003,True,0.9321
INV_0000899,INC_001,2024-01-11T06:00:00+00:00,SKU_0030,STORE_004,True,0.9428
INV_0000900,INC_001,2024-01-11T06:00:00+00:00,SKU_0030,STORE_005,True,0.9699
INV_0000901,INC_001,2024-01-11T06:00:00+00:00,SKU_0031,STORE_001,True,0.9604
INV_0000902,INC_001,2024-01-11T06:00:00+00:00,SKU_0031,STORE_002,True,0.9478
INV_0000903,INC_001,2024-01-11T06:00:00+00:00,SKU_0031,STORE_003,True,0.9381
INV_0000904,INC_001,2024-01-11T06:00:00+00:00,SKU_0031,STORE_004,True,0.9301
INV_0000905,INC_001,2024-01-11T06:00:00+00:00,SKU_0031,STORE_005,True,0.9366
INV_0000906,INC_001,2024-01-11T06:00:00+00:00,SKU_0032,STORE_001,True,0.9672
INV_0000907,INC_001,2024-01-11T06:00:00+00:00,SKU_0032,STORE_002,True,0.9414
INV_0000908,INC_001,2024-01-11T06:00:00+00:00,SKU_0032,STORE_003,True,0.9397
INV_0000909,INC_001,2024-01-11T06:00:00+00:00,SKU_0032,STORE_004,True,0.8913
INV_0000910,INC_001,2024-01-11T06:00:00+00:00,SKU_0032,STORE_005,True,0.9478
INV_0000911,INC_001,2024-01-11T06:00:00+00:00,SKU_0033,STORE_001,True,0.9634
INV_0000912,INC_001,2024-01-11T06:00:00+00:00,SKU_0033,STORE_002,True,0.9269
INV_0000913,INC_001,2024-01-11T06:00:00+00:00,SKU_0033,STORE_003,True,0.9165
INV_0000914,INC_001,2024-01-11T06:00:00+00:00,SKU_0033,STORE_004,True,0.9391
INV_0000915,INC_001,2024-01-11T06:00:00+00:00,SKU_0033,STORE_005,True,0.9004
INV_0000916,INC_001,2024-01-11T06:00:00+00:00,SKU_0034,STORE_001,True,0.9292
INV_0000917,INC_001,2024-01-11T06:00:00+00:00,SKU_0034,STORE_002,True,0.9515
INV_0000918,INC_001,2024-01-11T06:00:00+00:00,SKU_0034,STORE_003,True,0.9497
INV_0000919,INC_001,2024-01-11T06:00:00+00:00,SKU_0034,STORE_004,True,0.9156
INV_0000920,INC_001,2024-01-11T06:00:00+00:00,SKU_0034,STORE_005,False,0.9177
INV_0000921,INC_001,2024-01-11T06:00:00+00:00,SKU_0035,STORE_001,True,0.9444
INV_0000922,INC_001,2024-01-11T06:00:00+00:00,SKU_0035,STORE_002,True,0.9796
INV_0000923,INC_001,2024-01-11T06:00:00+00:00,SKU_0035,STORE_003,True,0.9647
INV_0000924,INC_001,2024-01-11T06:00:00+00:00,SKU_0035,STORE_004,True,0.9342
INV_0000925,INC_001,2024-01-11T06:00:00+00:00,SKU_0035,STORE_005,True,0.9382
INV_0000926,INC_001,2024-01-11T06:00:00+00:00,SKU_0036,STORE_001,True,0.9553
INV_0000927,INC_001,2024-01-11T06:00:00+00:00,SKU_0036,STORE_002,True,0.9379
INV_0000928,INC_001,2024-01-11T06:00:00+00:00,SKU_0036,STORE_003,True,0.9351
INV_0000929,INC_001,2024-01-11T06:00:00+00:00,SKU_0036,STORE_004,True,0.9253
INV_0000930,INC_001,2024-01-11T06:00:00+00:00,SKU_0036,STORE_005,True,0.956
INV_0000931,INC_001,2024-01-11T06:00:00+00:00,SKU_0037,STORE_001,True,0.9277
INV_0000932,INC_001,2024-01-11T06:00:00+00:00,SKU_0037,STORE_002,True,0.9493
INV_0000933,INC_001,2024-01-11T06:00:00+00:00,SKU_0037,STORE_003,True,0.9351
INV_0000934,INC_001,2024-01-11T06:00:00+00:00,SKU_0037,STORE_004,True,0.9448
INV_0000935,INC_001,2024-01-11T06:00:00+00:00,SKU_0037,STORE_005,False,0.9273
INV_0000936,INC_001,2024-01-11T06:00:00+00:00,SKU_0038,STORE_001,True,0.9684
INV_0000937,INC_001,2024-01-11T06:00:00+00:00,SKU_0038,STORE_002,True,0.9377
INV_0000938,INC_001,2024-01-11T06:00:00+00:00,SKU_0038,STORE_003,True,0.955
INV_0000939,INC_001,2024-01-11T06:00:00+00:00,SKU_0038,STORE_004,True,0.9425
INV_0000940,INC_001,2024-01-11T06:00:00+00:00,SKU_0038,STORE_005,True,0.9279
INV_0000941,INC_001,2024-01-11T06:00:00+00:00,SKU_0039,STORE_001,True,0.9369
INV_0000942,INC_001,2024-01-11T06:00:00+00:00,SKU_0039,STORE_002,True,0.9082
INV_0000943,INC_001,2024-01-11T06:00:00+00:00,SKU_0039,STORE_003,True,0.9543
INV_0000944,INC_001,2024-01-11T06:00:00+00:00,SKU_0039,STORE_004,True,0.9271
INV_0000945,INC_001,2024-01-11T06:00:00+00:00,SKU_0039,STORE_005,True,0.9367
INV_0000946,INC_001,2024-01-11T06:00:00+00:00,SKU_0040,STORE_001,True,0.9414
INV_0000947,INC_001,2024-01-11T06:00:00+00:00,SKU_0040,STORE_002,True,0.9427
INV_0000948,INC_001,2024-01-11T06:00:00+00:00,SKU_0040,STORE_003,True,0.9425
INV_0000949,INC_001,2024-01-11T06:00:00+00:00,SKU_0040,STORE_004,True,0.9571
INV_0000950,INC_001,2024-01-11T06:00:00+00:00,SKU_0040,STORE_005,True,0.984
INV_0000951,INC_001,2024-01-11T06:00:00+00:00,SKU_0041,STORE_001,True,0.9533
INV_0000952,INC_001,2024-01-11T06:00:00+00:00,SKU_0041,STORE_002,True,0.925
INV_0000953,INC_001,2024-01-11T06:00:00+00:00,SKU_0041,STORE_003,True,0.8906
INV_0000954,INC_001,2024-01-11T06:00:00+00:00,SKU_0041,STORE_004,True,0.9375
INV_0000955,INC_001,2024-01-11T06:00:00+00:00,SKU_0041,STORE_005,True,0.9516
INV_0000956,INC_001,2024-01-11T06:00:00+00:00,SKU_0042,STORE_001,True,0.9436
INV_0000957,INC_001,2024-01-11T06:00:00+00:00,SKU_0042,STORE_002,True,0.9424
INV_0000958,INC_001,2024-01-11T06:00:00+00:00,SKU_0042,STORE_003,True,0.9577
INV_0000959,INC_001,2024-01-11T06:00:00+00:00,SKU_0042,STORE_004,True,0.9645
INV_0000960,INC_001,2024-01-11T06:00:00+00:00,SKU_0042,STORE_005,True,0.9426
INV_0000961,INC_001,2024-01-11T06:00:00+00:00,SKU_0043,STORE_001,True,0.9444
INV_0000962,INC_001,2024-01-11T06:00:00+00:00,SKU_0043,STORE_002,True,0.9156
INV_0000963,INC_001,2024-01-11T06:00:00+00:00,SKU_0043,STORE_003,True,0.9439
INV_0000964,INC_001,2024-01-11T06:00:00+00:00,SKU_0043,STORE_004,True,0.9616
INV_0000965,INC_001,2024-01-11T06:00:00+00:00,SKU_0043,STORE_005,True,0.9401
INV_0000966,INC_001,2024-01-11T06:00:00+00:00,SKU_0044,STORE_001,True,0.9239
INV_0000967,INC_001,2024-01-11T06:00:00+00:00,SKU_0044,STORE_002,True,0.915
INV_0000968,INC_001,2024-01-11T06:00:00+00:00,SKU_0044,STORE_003,True,0.949
INV_0000969,INC_001,2024-01-11T06:00:00+00:00,SKU_0044,STORE_004,True,0.944
INV_0000970,INC_001,2024-01-11T06:00:00+00:00,SKU_0044,STORE_005,True,0.9627
INV_0000971,INC_001,2024-01-11T06:00:00+00:00,SKU_0045,STORE_001,True,0.9666
INV_0000972,INC_001,2024-01-11T06:00:00+00:00,SKU_0045,STORE_002,True,0.8921
INV_0000973,INC_001,2024-01-11T06:00:00+00:00,SKU_0045,STORE_003,True,0.919
INV_0000974,INC_001,2024-01-11T06:00:00+00:00,SKU_0045,STORE_004,True,0.9722
INV_0000975,INC_001,2024-01-11T06:00:00+00:00,SKU_0045,STORE_005,True,0.9103
INV_0000976,INC_001,2024-01-11T06:00:00+00:00,SKU_0046,STORE_001,True,0.969
INV_0000977,INC_001,2024-01-11T06:00:00+00:00,SKU_0046,STORE_002,True,0.9786
INV_0000978,INC_001,2024-01-11T06:00:00+00:00,SKU_0046,STORE_003,True,0.9434
INV_0000979,INC_001,2024-01-11T06:00:00+00:00,SKU_0046,STORE_004,True,0.9182
INV_0000980,INC_001,2024-01-11T06:00:00+00:00,SKU_0046,STORE_005,True,0.9397
INV_0000981,INC_001,2024-01-11T06:00:00+00:00,SKU_0047,STORE_001,True,0.9059
INV_0000982,INC_001,2024-01-11T06:00:00+00:00,SKU_0047,STORE_002,True,0.9318
INV_0000983,INC_001,2024-01-11T06:00:00+00:00,SKU_0047,STORE_003,True,0.9535
INV_0000984,INC_001,2024-01-11T06:00:00+00:00,SKU_0047,STORE_004,True,0.9348
INV_0000985,INC_001,2024-01-11T06:00:00+00:00,SKU_0047,STORE_005,True,0.9181
INV_0000986,INC_001,2024-01-11T06:00:00+00:00,SKU_0048,STORE_001,True,0.9278
INV_0000987,INC_001,2024-01-11T06:00:00+00:00,SKU_0048,STORE_002,True,0.9437
INV_0000988,INC_001,2024-01-11T06:00:00+00:00,SKU_0048,STORE_003,True,0.9296
INV_0000989,INC_001,2024-01-11T06:00:00+00:00,SKU_0048,STORE_004,True,0.9414
INV_0000990,INC_001,2024-01-11T06:00:00+00:00,SKU_0048,STORE_005,True,0.9516
INV_0000991,INC_001,2024-01-11T06:00:00+00:00,SKU_0049,STORE_001,True,0.9184
INV_0000992,INC_001,2024-01-11T06:00:00+00:00,SKU_0049,STORE_002,True,0.9713
INV_0000993,INC_001,2024-01-11T06:00:00+00:00,SKU_0049,STORE_003,True,0.9548
INV_0000994,INC_001,2024-01-11T06:00:00+00:00,SKU_0049,STORE_004,True,0.9186
INV_0000995,INC_001,2024-01-11T06:00:00+00:00,SKU_0049,STORE_005,True,0.9271
INV_0000996,INC_001,2024-01-11T06:00:00+00:00,SKU_0050,STORE_001,True,0.9284
INV_0000997,INC_001,2024-01-11T06:00:00+00:00,SKU_0050,STORE_002,True,0.9594
INV_0000998,INC_001,2024-01-11T06:00:00+00:00,SKU_0050,STORE_003,True,0.9555
INV_0000999,INC_001,2024-01-11T06:00:00+00:00,SKU_0050,STORE_004,True,0.956
INV_0001000,INC_001,2024-01-11T06:00:00+00:00,SKU_0050,STORE_005,True,0.9204
INV_0001001,INC_001,2024-01-12T06:00:00+00:00,SKU_0001,STORE_001,True,0.9548
INV_0001002,INC_001,2024-01-12T06:00:00+00:00,SKU_0001,STORE_002,True,0.9626
INV_0001003,INC_001,2024-01-12T06:00:00+00:00,SKU_0001,STORE_003,True,0.9441
INV_0001004,INC_001,2024-01-12T06:00:00+00:00,SKU_0001,STORE_004,True,0.9432
INV_0001005,INC_001,2024-01-12T06:00:00+00:00,SKU_0001,STORE_005,True,0.9454
INV_0001006,INC_001,2024-01-12T06:00:00+00:00,SKU_0002,STORE_001,True,0.9694
INV_0001007,INC_001,2024-01-12T06:00:00+00:00,SKU_0002,STORE_002,True,0.9425
INV_0001008,INC_001,2024-01-12T06:00:00+00:00,SKU_0002,STORE_003,True,0.9703
INV_0001009,INC_001,2024-01-12T06:00:00+00:00,SKU_0002,STORE_004,True,0.9276
INV_0001010,INC_001,2024-01-12T06:00:00+00:00,SKU_0002,STORE_005,True,0.9292
INV_0001011,INC_001,2024-01-12T06:00:00+00:00,SKU_0003,STORE_001,True,0.9512
INV_0001012,INC_001,2024-01-12T06:00:00+00:00,SKU_0003,STORE_002,True,0.9538
INV_0001013,INC_001,2024-01-12T06:00:00+00:00,SKU_0003,STORE_003,True,0.9489
INV_0001014,INC_001,2024-01-12T06:00:00+00:00,SKU_0003,STORE_004,True,0.9384
INV_0001015,INC_001,2024-01-12T06:00:00+00:00,SKU_0003,STORE_005,True,0.9274
INV_0001016,INC_001,2024-01-12T06:00:00+00:00,SKU_0004,STORE_001,True,0.9057
INV_0001017,INC_001,2024-01-12T06:00:00+00:00,SKU_0004,STORE_002,True,0.9421
INV_0001018,INC_001,2024-01-12T06:00:00+00:00,SKU_0004,STORE_003,True,0.9405
INV_0001019,INC_001,2024-01-12T06:00:00+00:00,SKU_0004,STORE_004,True,0.9348
INV_0001020,INC_001,2024-01-12T06:00:00+00:00,SKU_0004,STORE_005,True,0.9533
INV_0001021,INC_001,2024-01-12T06:00:00+00:00,SKU_0005,STORE_001,True,0.9463
INV_0001022,INC_001,2024-01-12T06:00:00+00:00,SKU_0005,STORE_002,True,0.9876
INV_0001023,INC_001,2024-01-12T06:00:00+00:00,SKU_0005,STORE_003,True,0.9422
INV_0001024,INC_001,2024-01-12T06:00:00+00:00,SKU_0005,STORE_004,True,0.946
INV_0001025,INC_001,2024-01-12T06:00:00+00:00,SKU_0005,STORE_005,True,0.9449
INV_0001026,INC_001,2024-01-12T06:00:00+00:00,SKU_0006,STORE_001,True,0.9585
INV_0001027,INC_001,2024-01-12T06:00:00+00:00,SKU_0006,STORE_002,True,0.9146
INV_0001028,INC_001,2024-01-12T06:00:00+00:00,SKU_0006,STORE_003,False,0.9432
INV_0001029,INC_001,2024-01-12T06:00:00+00:00,SKU_0006,STORE_004,True,0.9334
INV_0001030,INC_001,2024-01-12T06:00:00+00:00,SKU_0006,STORE_005,True,0.9178
INV_0001031,INC_001,2024-01-12T06:00:00+00:00,SKU_0007,STORE_001,True,0.9434
INV_0001032,INC_001,2024-01-12T06:00:00+00:00,SKU_0007,STORE_002,True,0.9756
INV_0001033,INC_001,2024-01-12T06:00:00+00:00,SKU_0007,STORE_003,True,0.9305
INV_0001034,INC_001,2024-01-12T06:00:00+00:00,SKU_0007,STORE_004,True,0.9725
INV_0001035,INC_001,2024-01-12T06:00:00+00:00,SKU_0007,STORE_005,True,0.9196
INV_0001036,INC_001,2024-01-12T06:00:00+00:00,SKU_0008,STORE_001,True,0.9624
INV_0001037,INC_001,2024-01-12T06:00:00+00:00,SKU_0008,STORE_002,True,0.9318
INV_0001038,INC_001,2024-01-12T06:00:00+00:00,SKU_0008,STORE_003,True,0.9069
INV_0001039,INC_001,2024-01-12T06:00:00+00:00,SKU_0008,STORE_004,True,0.9753
INV_0001040,INC_001,2024-01-12T06:00:00+00:00,SKU_0008,STORE_005,True,0.9207
INV_0001041,INC_001,2024-01-12T06:00:00+00:00,SKU_0009,STORE_001,True,0.9462
INV_0001042,INC_001,2024-01-12T06:00:00+00:00,SKU_0009,STORE_002,True,0.9419
INV_0001043,INC_001,2024-01-12T06:00:00+00:00,SKU_0009,STORE_003,True,0.9156
INV_0001044,INC_001,2024-01-12T06:00:00+00:00,SKU_0009,STORE_004,True,0.9355
INV_0001045,INC_001,2024-01-12T06:00:00+00:00,SKU_0009,STORE_005,True,0.9516
INV_0001046,INC_001,2024-01-12T06:00:00+00:00,SKU_0010,STORE_001,True,0.9286
INV_0001047,INC_001,2024-01-12T06:00:00+00:00,SKU_0010,STORE_002,True,0.9291
INV_0001048,INC_001,2024-01-12T06:00:00+00:00,SKU_0010,STORE_003,True,0.935
INV_0001049,INC_001,2024-01-12T06:00:00+00:00,SKU_0010,STORE_004,True,0.9123
INV_0001050,INC_001,2024-01-12T06:00:00+00:00,SKU_0010,STORE_005,True,0.935
INV_0001051,INC_001,2024-01-12T06:00:00+00:00,SKU_0011,STORE_001,True,0.935
INV_0001052,INC_001,2024-01-12T06:00:00+00:00,SKU_0011,STORE_002,True,0.9156
INV_0001053,INC_001,2024-01-12T06:00:00+00:00,SKU_0011,STORE_003,True,0.9438
INV_0001054,INC_001,2024-01-12T06:00:00+00:00,SKU_0011,STORE_004,True,0.9083
INV_0001055,INC_001,2024-01-12T06:00:00+00:00,SKU_0011,STORE_005,True,0.9343
INV_0001056,INC_001,2024-01-12T06:00:00+00:00,SKU_0012,STORE_001,True,0.9304
INV_0001057,INC_001,2024-01-12T06:00:00+00:00,SKU_0012,STORE_002,True,0.9416
INV_0001058,INC_001,2024-01-12T06:00:00+00:00,SKU_0012,STORE_003,True,0.9436
INV_0001059,INC_001,2024-01-12T06:00:00+00:00,SKU_0012,STORE_004,True,0.9544
INV_0001060,INC_001,2024-01-12T06:00:00+00:00,SKU_0012,STORE_005,True,0.9493
INV_0001061,INC_001,2024-01-12T06:00:00+00:00,SKU_0013,STORE_001,True,0.9035
INV_0001062,INC_001,2024-01-12T06:00:00+00:00,SKU_0013,STORE_002,True,0.9455
INV_0001063,INC_001,2024-01-12T06:00:00+00:00,SKU_0013,STORE_003,True,0.9588
INV_0001064,INC_001,2024-01-12T06:00:00+00:00,SKU_0013,STORE_004,True,0.9344
INV_0001065,INC_001,2024-01-12T06:00:00+00:00,SKU_0013,STORE_005,True,0.9388
INV_0001066,INC_001,2024-01-12T06:00:00+00:00,SKU_0014,STORE_001,True,0.9376
INV_0001067,INC_001,2024-01-12T06:00:00+00:00,SKU_0014,STORE_002,True,0.9729
INV_0001068,INC_001,2024-01-12T06:00:00+00:00,SKU_0014,STORE_003,True,0.9563
INV_0001069,INC_001,2024-01-12T06:00:00+00:00,SKU_0014,STORE_004,True,0.9482
INV_0001070,INC_001,2024-01-12T06:00:00+00:00,SKU_0014,STORE_005,True,0.9533
INV_0001071,INC_001,2024-01-12T06:00:00+00:00,SKU_0015,STORE_001,True,0.9621
INV_0001072,INC_001,2024-01-12T06:00:00+00:00,SKU_0015,STORE_002,True,0.9185
INV_0001073,INC_001,2024-01-12T06:00:00+00:00,SKU_0015,STORE_003,True,0.9459
INV_0001074,INC_001,2024-01-12T06:00:00+00:00,SKU_0015,STORE_004,True,0.9497
INV_0001075,INC_001,2024-01-12T06:00:00+00:00,SKU_0015,STORE_005,True,0.9108
INV_0001076,INC_001,2024-01-12T06:00:00+00:00,SKU_0016,STORE_001,True,0.9193
INV_0001077,INC_001,2024-01-12T06:00:00+00:00,SKU_0016,STORE_002,True,0.9378
INV_0001078,INC_001,2024-01-12T06:00:00+00:00,SKU_0016,STORE_003,True,0.9448
INV_0001079,INC_001,2024-01-12T06:00:00+00:00,SKU_0016,STORE_004,True,0.918
INV_0001080,INC_001,2024-01-12T06:00:00+00:00,SKU_0016,STORE_005,True,0.9272
INV_0001081,INC_001,2024-01-12T06:00:00+00:00,SKU_0017,STORE_001,True,0.9326
INV_0001082,INC_001,2024-01-12T06:00:00+00:00,SKU_0017,STORE_002,True,0.9671
INV_0001083,INC_001,2024-01-12T06:00:00+00:00,SKU_0017,STORE_003,True,0.9218
INV_0001084,INC_001,2024-01-12T06:00:00+00:00,SKU_0017,STORE_004,True,0.9192
INV_0001085,INC_001,2024-01-12T06:00:00+00:00,SKU_0017,STORE_005,True,0.9394
INV_0001086,INC_001,2024-01-12T06:00:00+00:00,SKU_0018,STORE_001,True,0.9307
INV_0001087,INC_001,2024-01-12T06:00:00+00:00,SKU_0018,STORE_002,True,0.9019
INV_0001088,INC_001,2024-01-12T06:00:00+00:00,SKU_0018,STORE_003,True,0.9286
INV_0001089,INC_001,2024-01-12T06:00:00+00:00,SKU_0018,STORE_004,True,0.9295
INV_0001090,INC_001,2024-01-12T06:00:00+00:00,SKU_0018,STORE_005,True,0.9321
INV_0001091,INC_001,2024-01-12T06:00:00+00:00,SKU_0019,STORE_001,True,0.9273
INV_0001092,INC_001,2024-01-12T06:00:00+00:00,SKU_0019,STORE_002,True,0.9302
INV_0001093,INC_001,2024-01-12T06:00:00+00:00,SKU_0019,STORE_003,True,0.9575
INV_0001094,INC_001,2024-01-12T06:00:00+00:00,SKU_0019,STORE_004,True,0.9499
INV_0001095,INC_001,2024-01-12T06:00:00+00:00,SKU_0019,STORE_005,True,0.9293
INV_0001096,INC_001,2024-01-12T06:00:00+00:00,SKU_0020,STORE_001,True,0.9691
INV_0001097,INC_001,2024-01-12T06:00:00+00:00,SKU_0020,STORE_002,True,0.9408
INV_0001098,INC_001,2024-01-12T06:00:00+00:00,SKU_0020,STORE_003,True,0.9615
INV_0001099,INC_001,2024-01-12T06:00:00+00:00,SKU_0020,STORE_004,True,0.9411
INV_0001100,INC_001,2024-01-12T06:00:00+00:00,SKU_0020,STORE_005,True,0.9835
INV_0001101,INC_001,2024-01-12T06:00:00+00:00,SKU_0021,STORE_001,True,0.9272
INV_0001102,INC_001,2024-01-12T06:00:00+00:00,SKU_0021,STORE_002,True,0.9537
INV_0001103,INC_001,2024-01-12T06:00:00+00:00,SKU_0021,STORE_003,True,0.93
INV_0001104,INC_001,2024-01-12T06:00:00+00:00,SKU_0021,STORE_004,True,0.9334
INV_0001105,INC_001,2024-01-12T06:00:00+00:00,SKU_0021,STORE_005,True,0.9377
INV_0001106,INC_001,2024-01-12T06:00:00+00:00,SKU_0022,STORE_001,True,0.8985
INV_0001107,INC_001,2024-01-12T06:00:00+00:00,SKU_0022,STORE_002,True,0.9512
INV_0001108,INC_001,2024-01-12T06:00:00+00:00,SKU_0022,STORE_003,True,0.9184
INV_0001109,INC_001,2024-01-12T06:00:00+00:00,SKU_0022,STORE_004,True,0.951
INV_0001110,INC_001,2024-01-12T06:00:00+00:00,SKU_0022,STORE_005,True,0.9294
INV_0001111,INC_001,2024-01-12T06:00:00+00:00,SKU_0023,STORE_001,True,0.9577
INV_0001112,INC_001,2024-01-12T06:00:00+00:00,SKU_0023,STORE_002,True,0.9197
INV_0001113,INC_001,2024-01-12T06:00:00+00:00,SKU_0023,STORE_003,True,0.9225
INV_0001114,INC_001,2024-01-12T06:00:00+00:00,SKU_0023,STORE_004,True,0.9508
INV_0001115,INC_001,2024-01-12T06:00:00+00:00,SKU_0023,STORE_005,False,0.9145
INV_0001116,INC_001,2024-01-12T06:00:00+00:00,SKU_0024,STORE_001,True,0.9762
INV_0001117,INC_001,2024-01-12T06:00:00+00:00,SKU_0024,STORE_002,True,0.9642
INV_0001118,INC_001,2024-01-12T06:00:00+00:00,SKU_0024,STORE_003,True,0.9389
INV_0001119,INC_001,2024-01-12T06:00:00+00:00,SKU_0024,STORE_004,True,0.9406
INV_0001120,INC_001,2024-01-12T06:00:00+00:00,SKU_0024,STORE_005,True,0.948
INV_0001121,INC_001,2024-01-12T06:00:00+00:00,SKU_0025,STORE_001,True,0.9466
INV_0001122,INC_001,2024-01-12T06:00:00+00:00,SKU_0025,STORE_002,True,0.9181
INV_0001123,INC_001,2024-01-12T06:00:00+00:00,SKU_0025,STORE_003,True,0.9594
INV_0001124,INC_001,2024-01-12T06:00:00+00:00,SKU_0025,STORE_004,True,0.9252
INV_0001125,INC_001,2024-01-12T06:00:00+00:00,SKU_0025,STORE_005,False,0.929
INV_0001126,INC_001,2024-01-12T06:00:00+00:00,SKU_0026,STORE_001,True,0.9802
INV_0001127,INC_001,2024-01-12T06:00:00+00:00,SKU_0026,STORE_002,True,0.9671
INV_0001128,INC_001,2024-01-12T06:00:00+00:00,SKU_0026,STORE_003,True,0.972
INV_0001129,INC_001,2024-01-12T06:00:00+00:00,SKU_0026,STORE_004,True,0.9741
INV_0001130,INC_001,2024-01-12T06:00:00+00:00,SKU_0026,STORE_005,True,0.9147
INV_0001131,INC_001,2024-01-12T06:00:00+00:00,SKU_0027,STORE_001,True,0.9896
INV_0001132,INC_001,2024-01-12T06:00:00+00:00,SKU_0027,STORE_002,True,0.9536
INV_0001133,INC_001,2024-01-12T06:00:00+00:00,SKU_0027,STORE_003,True,0.9467
INV_0001134,INC_001,2024-01-12T06:00:00+00:00,SKU_0027,STORE_004,True,0.9472
INV_0001135,INC_001,2024-01-12T06:00:00+00:00,SKU_0027,STORE_005,True,0.9192
INV_0001136,INC_001,2024-01-12T06:00:00+00:00,SKU_0028,STORE_001,True,0.9225
INV_0001137,INC_001,2024-01-12T06:00:00+00:00,SKU_0028,STORE_002,True,0.945
INV_0001138,INC_001,2024-01-12T06:00:00+00:00,SKU_0028,STORE_003,True,0.9562
INV_0001139,INC_001,2024-01-12T06:00:00+00:00,SKU_0028,STORE_004,True,0.9152
INV_0001140,INC_001,2024-01-12T06:00:00+00:00,SKU_0028,STORE_005,True,0.945
INV_0001141,INC_001,2024-01-12T06:00:00+00:00,SKU_0029,STORE_001,True,0.9389
INV_0001142,INC_001,2024-01-12T06:00:00+00:00,SKU_0029,STORE_002,True,0.947
INV_0001143,INC_001,2024-01-12T06:00:00+00:00,SKU_0029,STORE_003,True,0.914
INV_0001144,INC_001,2024-01-12T06:00:00+00:00,SKU_0029,STORE_004,True,0.9515
INV_0001145,INC_001,2024-01-12T06:00:00+00:00,SKU_0029,STORE_005,True,0.9558
INV_0001146,INC_001,2024-01-12T06:00:00+00:00,SKU_0030,STORE_001,True,0.972
INV_0001147,INC_001,2024-01-12T06:00:00+00:00,SKU_0030,STORE_002,True,0.9984
INV_0001148,INC_001,2024-01-12T06:00:00+00:00,SKU_0030,STORE_003,True,0.9492
INV_0001149,INC_001,2024-01-12T06:00:00+00:00,SKU_0030,STORE_004,False,0.9398
INV_0001150,INC_001,2024-01-12T06:00:00+00:00,SKU_0030,STORE_005,True,0.9564
INV_0001151,INC_001,2024-01-12T06:00:00+00:00,SKU_0031,STORE_001,True,0.926
INV_0001152,INC_001,2024-01-12T06:00:00+00:00,SKU_0031,STORE_002,True,0.9827
INV_0001153,INC_001,2024-01-12T06:00:00+00:00,SKU_0031,STORE_003,True,0.9291
INV_0001154,INC_001,2024-01-12T06:00:00+00:00,SKU_0031,STORE_004,False,0.922
INV_0001155,INC_001,2024-01-12T06:00:00+00:00,SKU_0031,STORE_005,True,0.9179
INV_0001156,INC_001,2024-01-12T06:00:00+00:00,SKU_0032,STORE_001,True,0.9292
INV_0001157,INC_001,2024-01-12T06:00:00+00:00,SKU_0032,STORE_002,True,0.9027
INV_0001158,INC_001,2024-01-12T06:00:00+00:00,SKU_0032,STORE_003,True,0.9687
INV_0001159,INC_001,2024-01-12T06:00:00+00:00,SKU_0032,STORE_004,True,0.956
INV_0001160,INC_001,2024-01-12T06:00:00+00:00,SKU_0032,STORE_005,True,0.9259
INV_0001161,INC_001,2024-01-12T06:00:00+00:00,SKU_0033,STORE_001,True,0.9186
INV_0001162,INC_001,2024-01-12T06:00:00+00:00,SKU_0033,STORE_002,True,0.9818
INV_0001163,INC_001,2024-01-12T06:00:00+00:00,SKU_0033,STORE_003,False,0.9613
INV_0001164,INC_001,2024-01-12T06:00:00+00:00,SKU_0033,STORE_004,True,0.9412
INV_0001165,INC_001,2024-01-12T06:00:00+00:00,SKU_0033,STORE_005,True,0.9195
INV_0001166,INC_001,2024-01-12T06:00:00+00:00,SKU_0034,STORE_001,True,0.9563
INV_0001167,INC_001,2024-01-12T06:00:00+00:00,SKU_0034,STORE_002,True,0.9014
INV_0001168,INC_001,2024-01-12T06:00:00+00:00,SKU_0034,STORE_003,True,0.9443
INV_0001169,INC_001,2024-01-12T06:00:00+00:00,SKU_0034,STORE_004,True,0.9598
INV_0001170,INC_001,2024-01-12T06:00:00+00:00,SKU_0034,STORE_005,True,0.9606
INV_0001171,INC_001,2024-01-12T06:00:00+00:00,SKU_0035,STORE_001,True,0.9592
INV_0001172,INC_001,2024-01-12T06:00:00+00:00,SKU_0035,STORE_002,True,0.9326
INV_0001173,INC_001,2024-01-12T06:00:00+00:00,SKU_0035,STORE_003,True,0.972
INV_0001174,INC_001,2024-01-12T06:00:00+00:00,SKU_0035,STORE_004,True,0.932
INV_0001175,INC_001,2024-01-12T06:00:00+00:00,SKU_0035,STORE_005,True,0.9436
INV_0001176,INC_001,2024-01-12T06:00:00+00:00,SKU_0036,STORE_001,True,0.9689
INV_0001177,INC_001,2024-01-12T06:00:00+00:00,SKU_0036,STORE_002,True,0.9346
INV_0001178,INC_001,2024-01-12T06:00:00+00:00,SKU_0036,STORE_003,True,0.9421
INV_0001179,INC_001,2024-01-12T06:00:00+00:00,SKU_0036,STORE_004,True,0.9285
INV_0001180,INC_001,2024-01-12T06:00:00+00:00,SKU_0036,STORE_005,True,0.9756
INV_0001181,INC_001,2024-01-12T06:00:00+00:00,SKU_0037,STORE_001,True,0.9633
INV_0001182,INC_001,2024-01-12T06:00:00+00:00,SKU_0037,STORE_002,True,0.9835
INV_0001183,INC_001,2024-01-12T06:00:00+00:00,SKU_0037,STORE_003,True,0.9552
INV_0001184,INC_001,2024-01-12T06:00:00+00:00,SKU_0037,STORE_004,True,0.9576
INV_0001185,INC_001,2024-01-12T06:00:00+00:00,SKU_0037,STORE_005,True,0.921
INV_0001186,INC_001,2024-01-12T06:00:00+00:00,SKU_0038,STORE_001,True,0.9384
INV_0001187,INC_001,2024-01-12T06:00:00+00:00,SKU_0038,STORE_002,True,0.9337
INV_0001188,INC_001,2024-01-12T06:00:00+00:00,SKU_0038,STORE_003,True,0.9372
INV_0001189,INC_001,2024-01-12T06:00:00+00:00,SKU_0038,STORE_004,True,0.9347
INV_0001190,INC_001,2024-01-12T06:00:00+00:00,SKU_0038,STORE_005,True,0.9251
INV_0001191,INC_001,2024-01-12T06:00:00+00:00,SKU_0039,STORE_001,True,0.9588
INV_0001192,INC_001,2024-01-12T06:00:00+00:00,SKU_0039,STORE_002,True,0.921
INV_0001193,INC_001,2024-01-12T06:00:00+00:00,SKU_0039,STORE_003,True,0.9361
INV_0001194,INC_001,2024-01-12T06:00:00+00:00,SKU_0039,STORE_004,True,0.966
INV_0001195,INC_001,2024-01-12T06:00:00+00:00,SKU_0039,STORE_005,True,0.9382
INV_0001196,INC_001,2024-01-12T06:00:00+00:00,SKU_0040,STORE_001,True,0.9326
INV_0001197,INC_001,2024-01-12T06:00:00+00:00,SKU_0040,STORE_002,True,0.9464
INV_0001198,INC_001,2024-01-12T06:00:00+00:00,SKU_0040,STORE_003,True,0.9467
INV_0001199,INC_001,2024-01-12T06:00:00+00:00,SKU_0040,STORE_004,True,0.9416
INV_0001200,INC_001,2024-01-12T06:00:00+00:00,SKU_0040,STORE_005,True,0.9404
INV_0001201,INC_001,2024-01-12T06:00:00+00:00,SKU_0041,STORE_001,True,0.8962
INV_0001202,INC_001,2024-01-12T06:00:00+00:00,SKU_0041,STORE_002,False,0.9543
INV_0001203,INC_001,2024-01-12T06:00:00+00:00,SKU_0041,STORE_003,True,0.9449
INV_0001204,INC_001,2024-01-12T06:00:00+00:00,SKU_0041,STORE_004,True,0.9479
INV_0001205,INC_001,2024-01-12T06:00:00+00:00,SKU_0041,STORE_005,True,0.9241
INV_0001206,INC_001,2024-01-12T06:00:00+00:00,SKU_0042,STORE_001,True,0.9132
INV_0001207,INC_001,2024-01-12T06:00:00+00:00,SKU_0042,STORE_002,True,0.9539
INV_0001208,INC_001,2024-01-12T06:00:00+00:00,SKU_0042,STORE_003,False,0.9138
INV_0001209,INC_001,2024-01-12T06:00:00+00:00,SKU_0042,STORE_004,True,0.9577
INV_0001210,INC_001,2024-01-12T06:00:00+00:00,SKU_0042,STORE_005,True,0.9287
INV_0001211,INC_001,2024-01-12T06:00:00+00:00,SKU_0043,STORE_001,True,0.9423
INV_0001212,INC_001,2024-01-12T06:00:00+00:00,SKU_0043,STORE_002,True,0.938
INV_0001213,INC_001,2024-01-12T06:00:00+00:00,SKU_0043,STORE_003,True,0.9305
INV_0001214,INC_001,2024-01-12T06:00:00+00:00,SKU_0043,STORE_004,True,0.9043
INV_0001215,INC_001,2024-01-12T06:00:00+00:00,SKU_0043,STORE_005,True,0.967
INV_0001216,INC_001,2024-01-12T06:00:00+00:00,SKU_0044,STORE_001,True,0.9308
INV_0001217,INC_001,2024-01-12T06:00:00+00:00,SKU_0044,STORE_002,True,0.9431
INV_0001218,INC_001,2024-01-12T06:00:00+00:00,SKU_0044,STORE_003,True,0.9403
INV_0001219,INC_001,2024-01-12T06:00:00+00:00,SKU_0044,STORE_004,True,0.9517
INV_0001220,INC_001,2024-01-12T06:00:00+00:00,SKU_0044,STORE_005,True,0.9353
INV_0001221,INC_001,2024-01-12T06:00:00+00:00,SKU_0045,STORE_001,True,0.9496
INV_0001222,INC_001,2024-01-12T06:00:00+00:00,SKU_0045,STORE_002,True,0.9559
INV_0001223,INC_001,2024-01-12T06:00:00+00:00,SKU_0045,STORE_003,True,0.9619
INV_0001224,INC_001,2024-01-12T06:00:00+00:00,SKU_0045,STORE_004,True,0.9003
INV_0001225,INC_001,2024-01-12T06:00:00+00:00,SKU_0045,STORE_005,True,0.9462
INV_0001226,INC_001,2024-01-12T06:00:00+00:00,SKU_0046,STORE_001,True,0.9395
INV_0001227,INC_001,2024-01-12T06:00:00+00:00,SKU_0046,STORE_002,True,0.906
INV_0001228,INC_001,2024-01-12T06:00:00+00:00,SKU_0046,STORE_003,True,0.9301
INV_0001229,INC_001,2024-01-12T06:00:00+00:00,SKU_0046,STORE_004,True,0.9454
INV_0001230,INC_001,2024-01-12T06:00:00+00:00,SKU_0046,STORE_005,True,0.95
INV_0001231,INC_001,2024-01-12T06:00:00+00:00,SKU_0047,STORE_001,True,0.9412
INV_0001232,INC_001,2024-01-12T06:00:00+00:00,SKU_0047,STORE_002,True,0.9608
INV_0001233,INC_001,2024-01-12T06:00:00+00:00,SKU_0047,STORE_003,True,0.9595
INV_0001234,INC_001,2024-01-12T06:00:00+00:00,SKU_0047,STORE_004,True,0.9193
INV_0001235,INC_001,2024-01-12T06:00:00+00:00,SKU_0047,STORE_005,True,0.9337
INV_0001236,INC_001,2024-01-12T06:00:00+00:00,SKU_0048,STORE_001,True,0.9442
INV_0001237,INC_001,2024-01-12T06:00:00+00:00,SKU_0048,STORE_002,True,0.9411
INV_0001238,INC_001,2024-01-12T06:00:00+00:00,SKU_0048,STORE_003,False,0.9546
INV_0001239,INC_001,2024-01-12T06:00:00+00:00,SKU_0048,STORE_004,True,0.9499
INV_0001240,INC_001,2024-01-12T06:00:00+00:00,SKU_0048,STORE_005,True,0.9295
INV_0001241,INC_001,2024-01-12T06:00:00+00:00,SKU_0049,STORE_001,False,0.9416
INV_0001242,INC_001,2024-01-12T06:00:00+00:00,SKU_0049,STORE_002,True,0.9327
INV_0001243,INC_001,2024-01-12T06:00:00+00:00,SKU_0049,STORE_003,True,0.9403
INV_0001244,INC_001,2024-01-12T06:00:00+00:00,SKU_0049,STORE_004,True,0.9439
INV_0001245,INC_001,2024-01-12T06:00:00+00:00,SKU_0049,STORE_005,True,0.9416
INV_0001246,INC_001,2024-01-12T06:00:00+00:00,SKU_0050,STORE_001,True,0.9204
INV_0001247,INC_001,2024-01-12T06:00:00+00:00,SKU_0050,STORE_002,True,0.9253
INV_0001248,INC_001,2024-01-12T06:00:00+00:00,SKU_0050,STORE_003,True,0.9213
INV_0001249,INC_001,2024-01-12T06:00:00+00:00,SKU_0050,STORE_004,True,0.9178
INV_0001250,INC_001,2024-01-12T06:00:00+00:00,SKU_0050,STORE_005,True,0.9304
INV_0001251,INC_001,2024-01-13T06:00:00+00:00,SKU_0001,STORE_001,True,0.941
INV_0001252,INC_001,2024-01-13T06:00:00+00:00,SKU_0001,STORE_002,True,0.9742
INV_0001253,INC_001,2024-01-13T06:00:00+00:00,SKU_0001,STORE_003,True,0.9459
INV_0001254,INC_001,2024-01-13T06:00:00+00:00,SKU_0001,STORE_004,True,0.9449
INV_0001255,INC_001,2024-01-13T06:00:00+00:00,SKU_0001,STORE_005,True,0.9448
INV_0001256,INC_001,2024-01-13T06:00:00+00:00,SKU_0002,STORE_001,True,0.9337
INV_0001257,INC_001,2024-01-13T06:00:00+00:00,SKU_0002,STORE_002,True,0.9534
INV_0001258,INC_001,2024-01-13T06:00:00+00:00,SKU_0002,STORE_003,True,0.9372
INV_0001259,INC_001,2024-01-13T06:00:00+00:00,SKU_0002,STORE_004,False,0.9436
INV_0001260,INC_001,2024-01-13T06:00:00+00:00,SKU_0002,STORE_005,True,0.9513
INV_0001261,INC_001,2024-01-13T06:00:00+00:00,SKU_0003,STORE_001,True,0.9493
INV_0001262,INC_001,2024-01-13T06:00:00+00:00,SKU_0003,STORE_002,True,0.9574
INV_0001263,INC_001,2024-01-13T06:00:00+00:00,SKU_0003,STORE_003,True,0.927
INV_0001264,INC_001,2024-01-13T06:00:00+00:00,SKU_0003,STORE_004,True,0.9379
INV_0001265,INC_001,2024-01-13T06:00:00+00:00,SKU_0003,STORE_005,True,0.9279
INV_0001266,INC_001,2024-01-13T06:00:00+00:00,SKU_0004,STORE_001,True,0.9459
INV_0001267,INC_001,2024-01-13T06:00:00+00:00,SKU_0004,STORE_002,True,0.9217
INV_0001268,INC_001,2024-01-13T06:00:00+00:00,SKU_0004,STORE_003,True,0.9236
INV_0001269,INC_001,2024-01-13T06:00:00+00:00,SKU_0004,STORE_004,True,0.9647
INV_0001270,INC_001,2024-01-13T06:00:00+00:00,SKU_0004,STORE_005,True,0.9134
INV_0001271,INC_001,2024-01-13T06:00:00+00:00,SKU_0005,STORE_001,True,0.9323
INV_0001272,INC_001,2024-01-13T06:00:00+00:00,SKU_0005,STORE_002,True,0.9341
INV_0001273,INC_001,2024-01-13T06:00:00+00:00,SKU_0005,STORE_003,True,0.9369
INV_0001274,INC_001,2024-01-13T06:00:00+00:00,SKU_0005,STORE_004,True,0.941
INV_0001275,INC_001,2024-01-13T06:00:00+00:00,SKU_0005,STORE_005,True,0.9914
INV_0001276,INC_001,2024-01-13T06:00:00+00:00,SKU_0006,STORE_001,True,0.9666
INV_0001277,INC_001,2024-01-13T06:00:00+00:00,SKU_0006,STORE_002,True,0.9467
INV_0001278,INC_001,2024-01-13T06:00:00+00:00,SKU_0006,STORE_003,True,0.9353
INV_0001279,INC_001,2024-01-13T06:00:00+00:00,SKU_0006,STORE_004,True,0.93
INV_0001280,INC_001,2024-01-13T06:00:00+00:00,SKU_0006,STORE_005,True,0.9302
INV_0001281,INC_001,2024-01-13T06:00:00+00:00,SKU_0007,STORE_001,True,0.9459
INV_0001282,INC_001,2024-01-13T06:00:00+00:00,SKU_0007,STORE_002,True,0.93
INV_0001283,INC_001,2024-01-13T06:00:00+00:00,SKU_0007,STORE_003,True,0.953
INV_0001284,INC_001,2024-01-13T06:00:00+00:00,SKU_0007,STORE_004,True,0.9374
INV_0001285,INC_001,2024-01-13T06:00:00+00:00,SKU_0007,STORE_005,True,0.9463
INV_0001286,INC_001,2024-01-13T06:00:00+00:00,SKU_0008,STORE_001,True,0.955
INV_0001287,INC_001,2024-01-13T06:00:00+00:00,SKU_0008,STORE_002,True,0.9316
INV_0001288,INC_001,2024-01-13T06:00:00+00:00,SKU_0008,STORE_003,True,0.9602
INV_0001289,INC_001,2024-01-13T06:00:00+00:00,SKU_0008,STORE_004,True,0.9469
INV_0001290,INC_001,2024-01-13T06:00:00+00:00,SKU_0008,STORE_005,True,0.9613
INV_0001291,INC_001,2024-01-13T06:00:00+00:00,SKU_0009,STORE_001,True,0.9382
INV_0001292,INC_001,2024-01-13T06:00:00+00:00,SKU_0009,STORE_002,True,0.9514
INV_0001293,INC_001,2024-01-13T06:00:00+00:00,SKU_0009,STORE_003,True,0.9235
INV_0001294,INC_001,2024-01-13T06:00:00+00:00,SKU_0009,STORE_004,True,0.925
INV_0001295,INC_001,2024-01-13T06:00:00+00:00,SKU_0009,STORE_005,True,0.9602
INV_0001296,INC_001,2024-01-13T06:00:00+00:00,SKU_0010,STORE_001,True,0.9416
INV_0001297,INC_001,2024-01-13T06:00:00+00:00,SKU_0010,STORE_002,True,0.9578
INV_0001298,INC_001,2024-01-13T06:00:00+00:00,SKU_0010,STORE_003,True,0.9524
INV_0001299,INC_001,2024-01-13T06:00:00+00:00,SKU_0010,STORE_004,True,0.9231
INV_0001300,INC_001,2024-01-13T06:00:00+00:00,SKU_0010,STORE_005,True,0.9441
INV_0001301,INC_001,2024-01-13T06:00:00+00:00,SKU_0011,STORE_001,False,0.9347
INV_0001302,INC_001,2024-01-13T06:00:00+00:00,SKU_0011,STORE_002,True,0.9311
INV_0001303,INC_001,2024-01-13T06:00:00+00:00,SKU_0011,STORE_003,True,0.9276
INV_0001304,INC_001,2024-01-13T06:00:00+00:00,SKU_0011,STORE_004,False,0.9293
INV_0001305,INC_001,2024-01-13T06:00:00+00:00,SKU_0011,STORE_005,True,0.9558
INV_0001306,INC_001,2024-01-13T06:00:00+00:00,SKU_0012,STORE_001,True,0.953
INV_0001307,INC_001,2024-01-13T06:00:00+00:00,SKU_0012,STORE_002,True,0.9546
INV_0001308,INC_001,2024-01-13T06:00:00+00:00,SKU_0012,STORE_003,True,0.9317
INV_0001309,INC_001,2024-01-13T06:00:00+00:00,SKU_0012,STORE_004,True,0.9434
INV_0001310,INC_001,2024-01-13T06:00:00+00:00,SKU_0012,STORE_005,True,0.949
INV_0001311,INC_001,2024-01-13T06:00:00+00:00,SKU_0013,STORE_001,False,0.914
INV_0001312,INC_001,2024-01-13T06:00:00+00:00,SKU_0013,STORE_002,True,0.9555
INV_0001313,INC_001,2024-01-13T06:00:00+00:00,SKU_0013,STORE_003,True,0.918
INV_0001314,INC_001,2024-01-13T06:00:00+00:00,SKU_0013,STORE_004,True,0.924
INV_0001315,INC_001,2024-01-13T06:00:00+00:00,SKU_0013,STORE_005,True,0.9677
INV_0001316,INC_001,2024-01-13T06:00:00+00:00,SKU_0014,STORE_001,True,0.9256
INV_0001317,INC_001,2024-01-13T06:00:00+00:00,SKU_0014,STORE_002,True,0.9402
INV_0001318,INC_001,2024-01-13T06:00:00+00:00,SKU_0014,STORE_003,True,0.9289
INV_0001319,INC_001,2024-01-13T06:00:00+00:00,SKU_0014,STORE_004,True,0.9458
INV_0001320,INC_001,2024-01-13T06:00:00+00:00,SKU_0014,STORE_005,True,0.9715
INV_0001321,INC_001,2024-01-13T06:00:00+00:00,SKU_0015,STORE_001,True,0.9501
INV_0001322,INC_001,2024-01-13T06:00:00+00:00,SKU_0015,STORE_002,True,0.9075
INV_0001323,INC_001,2024-01-13T06:00:00+00:00,SKU_0015,STORE_003,True,0.9345
INV_0001324,INC_001,2024-01-13T06:00:00+00:00,SKU_0015,STORE_004,True,0.9333
INV_0001325,INC_001,2024-01-13T06:00:00+00:00,SKU_0015,STORE_005,True,0.9661
INV_0001326,INC_001,2024-01-13T06:00:00+00:00,SKU_0016,STORE_001,True,0.9499
INV_0001327,INC_001,2024-01-13T06:00:00+00:00,SKU_0016,STORE_002,True,0.9552
INV_0001328,INC_001,2024-01-13T06:00:00+00:00,SKU_0016,STORE_003,False,0.9129
INV_0001329,INC_001,2024-01-13T06:00:00+00:00,SKU_0016,STORE_004,True,0.9761
INV_0001330,INC_001,2024-01-13T06:00:00+00:00,SKU_0016,STORE_005,True,0.878
INV_0001331,INC_001,2024-01-13T06:00:00+00:00,SKU_0017,STORE_001,True,0.9734
INV_0001332,INC_001,2024-01-13T06:00:00+00:00,SKU_0017,STORE_002,True,0.9159
INV_0001333,INC_001,2024-01-13T06:00:00+00:00,SKU_0017,STORE_003,True,0.9437
INV_0001334,INC_001,2024-01-13T06:00:00+00:00,SKU_0017,STORE_004,True,0.9714
INV_0001335,INC_001,2024-01-13T06:00:00+00:00,SKU_0017,STORE_005,True,0.952
INV_0001336,INC_001,2024-01-13T06:00:00+00:00,SKU_0018,STORE_001,True,0.9385
INV_0001337,INC_001,2024-01-13T06:00:00+00:00,SKU_0018,STORE_002,True,0.9312
INV_0001338,INC_001,2024-01-13T06:00:00+00:00,SKU_0018,STORE_003,True,0.9525
INV_0001339,INC_001,2024-01-13T06:00:00+00:00,SKU_0018,STORE_004,True,0.9205
INV_0001340,INC_001,2024-01-13T06:00:00+00:00,SKU_0018,STORE_005,True,0.9501
INV_0001341,INC_001,2024-01-13T06:00:00+00:00,SKU_0019,STORE_001,False,0.9338
INV_0001342,INC_001,2024-01-13T06:00:00+00:00,SKU_0019,STORE_002,True,0.9377
INV_0001343,INC_001,2024-01-13T06:00:00+00:00,SKU_0019,STORE_003,True,0.909
INV_0001344,INC_001,2024-01-13T06:00:00+00:00,SKU_0019,STORE_004,True,0.9383
INV_0001345,INC_001,2024-01-13T06:00:00+00:00,SKU_0019,STORE_005,True,0.9534
INV_0001346,INC_001,2024-01-13T06:00:00+00:00,SKU_0020,STORE_001,True,0.9517
INV_0001347,INC_001,2024-01-13T06:00:00+00:00,SKU_0020,STORE_002,True,0.9387
INV_0001348,INC_001,2024-01-13T06:00:00+00:00,SKU_0020,STORE_003,True,0.9716
INV_0001349,INC_001,2024-01-13T06:00:00+00:00,SKU_0020,STORE_004,True,0.9484
INV_0001350,INC_001,2024-01-13T06:00:00+00:00,SKU_0020,STORE_005,True,0.9278
INV_0001351,INC_001,2024-01-13T06:00:00+00:00,SKU_0021,STORE_001,True,0.9258
INV_0001352,INC_001,2024-01-13T06:00:00+00:00,SKU_0021,STORE_002,True,0.9396
INV_0001353,INC_001,2024-01-13T06:00:00+00:00,SKU_0021,STORE_003,True,0.9571
INV_0001354,INC_001,2024-01-13T06:00:00+00:00,SKU_0021,STORE_004,True,0.9134
INV_0001355,INC_001,2024-01-13T06:00:00+00:00,SKU_0021,STORE_005,True,0.9372
INV_0001356,INC_001,2024-01-13T06:00:00+00:00,SKU_0022,STORE_001,True,0.9003
INV_0001357,INC_001,2024-01-13T06:00:00+00:00,SKU_0022,STORE_002,True,0.9232
INV_0001358,INC_001,2024-01-13T06:00:00+00:00,SKU_0022,STORE_003,True,0.9212
INV_0001359,INC_001,2024-01-13T06:00:00+00:00,SKU_0022,STORE_004,True,0.897
INV_0001360,INC_001,2024-01-13T06:00:00+00:00,SKU_0022,STORE_005,True,0.9687
INV_0001361,INC_001,2024-01-13T06:00:00+00:00,SKU_0023,STORE_001,True,0.9806
INV_0001362,INC_001,2024-01-13T06:00:00+00:00,SKU_0023,STORE_002,False,0.9291
INV_0001363,INC_001,2024-01-13T06:00:00+00:00,SKU_0023,STORE_003,True,0.9496
INV_0001364,INC_001,2024-01-13T06:00:00+00:00,SKU_0023,STORE_004,True,0.9485
INV_0001365,INC_001,2024-01-13T06:00:00+00:00,SKU_0023,STORE_005,True,0.9202
INV_0001366,INC_001,2024-01-13T06:00:00+00:00,SKU_0024,STORE_001,True,0.9652
INV_0001367,INC_001,2024-01-13T06:00:00+00:00,SKU_0024,STORE_002,True,0.9153
INV_0001368,INC_001,2024-01-13T06:00:00+00:00,SKU_0024,STORE_003,True,0.9422
INV_0001369,INC_001,2024-01-13T06:00:00+00:00,SKU_0024,STORE_004,True,0.9054
INV_0001370,INC_001,2024-01-13T06:00:00+00:00,SKU_0024,STORE_005,True,0.9368
INV_0001371,INC_001,2024-01-13T06:00:00+00:00,SKU_0025,STORE_001,True,0.956
INV_0001372,INC_001,2024-01-13T06:00:00+00:00,SKU_0025,STORE_002,True,0.9428
INV_0001373,INC_001,2024-01-13T06:00:00+00:00,SKU_0025,STORE_003,True,0.9738
INV_0001374,INC_001,2024-01-13T06:00:00+00:00,SKU_0025,STORE_004,True,0.9045
INV_0001375,INC_001,2024-01-13T06:00:00+00:00,SKU_0025,STORE_005,True,0.9258
INV_0001376,INC_001,2024-01-13T06:00:00+00:00,SKU_0026,STORE_001,True,0.9445
INV_0001377,INC_001,2024-01-13T06:00:00+00:00,SKU_0026,STORE_002,True,0.9342
INV_0001378,INC_001,2024-01-13T06:00:00+00:00,SKU_0026,STORE_003,True,0.9167
INV_0001379,INC_001,2024-01-13T06:00:00+00:00,SKU_0026,STORE_004,True,0.9568
INV_0001380,INC_001,2024-01-13T06:00:00+00:00,SKU_0026,STORE_005,False,0.9188
INV_0001381,INC_001,2024-01-13T06:00:00+00:00,SKU_0027,STORE_001,True,0.9684
INV_0001382,INC_001,2024-01-13T06:00:00+00:00,SKU_0027,STORE_002,True,0.9778
INV_0001383,INC_001,2024-01-13T06:00:00+00:00,SKU_0027,STORE_003,True,0.9336
INV_0001384,INC_001,2024-01-13T06:00:00+00:00,SKU_0027,STORE_004,True,0.9365
INV_0001385,INC_001,2024-01-13T06:00:00+00:00,SKU_0027,STORE_005,False,0.9676
INV_0001386,INC_001,2024-01-13T06:00:00+00:00,SKU_0028,STORE_001,True,0.9259
INV_0001387,INC_001,2024-01-13T06:00:00+00:00,SKU_0028,STORE_002,True,0.9433
INV_0001388,INC_001,2024-01-13T06:00:00+00:00,SKU_0028,STORE_003,False,0.9667
INV_0001389,INC_001,2024-01-13T06:00:00+00:00,SKU_0028,STORE_004,True,0.9257
INV_0001390,INC_001,2024-01-13T06:00:00+00:00,SKU_0028,STORE_005,True,0.8937
INV_0001391,INC_001,2024-01-13T06:00:00+00:00,SKU_0029,STORE_001,True,0.9089
INV_0001392,INC_001,2024-01-13T06:00:00+00:00,SKU_0029,STORE_002,True,0.9215
INV_0001393,INC_001,2024-01-13T06:00:00+00:00,SKU_0029,STORE_003,True,0.9247
INV_0001394,INC_001,2024-01-13T06:00:00+00:00,SKU_0029,STORE_004,False,0.9577
INV_0001395,INC_001,2024-01-13T06:00:00+00:00,SKU_0029,STORE_005,True,0.9571
INV_0001396,INC_001,2024-01-13T06:00:00+00:00,SKU_0030,STORE_001,True,0.9229
INV_0001397,INC_001,2024-01-13T06:00:00+00:00,SKU_0030,STORE_002,False,0.9539
INV_0001398,INC_001,2024-01-13T06:00:00+00:00,SKU_0030,STORE_003,True,0.9397
INV_0001399,INC_001,2024-01-13T06:00:00+00:00,SKU_0030,STORE_004,True,0.9015
INV_0001400,INC_001,2024-01-13T06:00:00+00:00,SKU_0030,STORE_005,True,0.9443
INV_0001401,INC_001,2024-01-13T06:00:00+00:00,SKU_0031,STORE_001,True,0.9511
INV_0001402,INC_001,2024-01-13T06:00:00+00:00,SKU_0031,STORE_002,True,0.9665
INV_0001403,INC_001,2024-01-13T06:00:00+00:00,SKU_0031,STORE_003,True,0.9301
INV_0001404,INC_001,2024-01-13T06:00:00+00:00,SKU_0031,STORE_004,True,0.8986
INV_0001405,INC_001,2024-01-13T06:00:00+00:00,SKU_0031,STORE_005,False,0.918
INV_0001406,INC_001,2024-01-13T06:00:00+00:00,SKU_0032,STORE_001,True,0.9051
INV_0001407,INC_001,2024-01-13T06:00:00+00:00,SKU_0032,STORE_002,True,0.9103
INV_0001408,INC_001,2024-01-13T06:00:00+00:00,SKU_0032,STORE_003,True,0.9392
INV_0001409,INC_001,2024-01-13T06:00:00+00:00,SKU_0032,STORE_004,True,0.9285
INV_0001410,INC_001,2024-01-13T06:00:00+00:00,SKU_0032,STORE_005,True,0.9494
INV_0001411,INC_001,2024-01-13T06:00:00+00:00,SKU_0033,STORE_001,True,0.9455
INV_0001412,INC_001,2024-01-13T06:00:00+00:00,SKU_0033,STORE_002,True,0.9497
INV_0001413,INC_001,2024-01-13T06:00:00+00:00,SKU_0033,STORE_003,True,0.9353
INV_0001414,INC_001,2024-01-13T06:00:00+00:00,SKU_0033,STORE_004,True,0.9337
INV_0001415,INC_001,2024-01-13T06:00:00+00:00,SKU_0033,STORE_005,True,0.9309
INV_0001416,INC_001,2024-01-13T06:00:00+00:00,SKU_0034,STORE_001,True,0.9834
INV_0001417,INC_001,2024-01-13T06:00:00+00:00,SKU_0034,STORE_002,True,0.9524
INV_0001418,INC_001,2024-01-13T06:00:00+00:00,SKU_0034,STORE_003,True,0.9197
INV_0001419,INC_001,2024-01-13T06:00:00+00:00,SKU_0034,STORE_004,True,0.9501
INV_0001420,INC_001,2024-01-13T06:00:00+00:00,SKU_0034,STORE_005,True,0.9396
INV_0001421,INC_001,2024-01-13T06:00:00+00:00,SKU_0035,STORE_001,True,0.9595
INV_0001422,INC_001,2024-01-13T06:00:00+00:00,SKU_0035,STORE_002,True,0.9656
INV_0001423,INC_001,2024-01-13T06:00:00+00:00,SKU_0035,STORE_003,True,0.915
INV_0001424,INC_001,2024-01-13T06:00:00+00:00,SKU_0035,STORE_004,True,0.9642
INV_0001425,INC_001,2024-01-13T06:00:00+00:00,SKU_0035,STORE_005,True,0.9351
INV_0001426,INC_001,2024-01-13T06:00:00+00:00,SKU_0036,STORE_001,True,0.9468
INV_0001427,INC_001,2024-01-13T06:00:00+00:00,SKU_0036,STORE_002,True,0.929
INV_0001428,INC_001,2024-01-13T06:00:00+00:00,SKU_0036,STORE_003,True,0.9203
INV_0001429,INC_001,2024-01-13T06:00:00+00:00,SKU_0036,STORE_004,True,0.9805
INV_0001430,INC_001,2024-01-13T06:00:00+00:00,SKU_0036,STORE_005,True,0.9392
INV_0001431,INC_001,2024-01-13T06:00:00+00:00,SKU_0037,STORE_001,True,0.9144
INV_0001432,INC_001,2024-01-13T06:00:00+00:00,SKU_0037,STORE_002,True,0.96
INV_0001433,INC_001,2024-01-13T06:00:00+00:00,SKU_0037,STORE_003,True,0.9485
INV_0001434,INC_001,2024-01-13T06:00:00+00:00,SKU_0037,STORE_004,True,0.9415
INV_0001435,INC_001,2024-01-13T06:00:00+00:00,SKU_0037,STORE_005,True,0.9168
INV_0001436,INC_001,2024-01-13T06:00:00+00:00,SKU_0038,STORE_001,True,0.9303
INV_0001437,INC_001,2024-01-13T06:00:00+00:00,SKU_0038,STORE_002,True,0.938
INV_0001438,INC_001,2024-01-13T06:00:00+00:00,SKU_0038,STORE_003,False,0.9177
INV_0001439,INC_001,2024-01-13T06:00:00+00:00,SKU_0038,STORE_004,True,0.952
INV_0001440,INC_001,2024-01-13T06:00:00+00:00,SKU_0038,STORE_005,True,0.9815
INV_0001441,INC_001,2024-01-13T06:00:00+00:00,SKU_0039,STORE_001,True,0.9291
INV_0001442,INC_001,2024-01-13T06:00:00+00:00,SKU_0039,STORE_002,True,0.9469
INV_0001443,INC_001,2024-01-13T06:00:00+00:00,SKU_0039,STORE_003,True,0.9491
INV_0001444,INC_001,2024-01-13T06:00:00+00:00,SKU_0039,STORE_004,True,0.9138
INV_0001445,INC_001,2024-01-13T06:00:00+00:00,SKU_0039,STORE_005,True,0.9507
INV_0001446,INC_001,2024-01-13T06:00:00+00:00,SKU_0040,STORE_001,True,0.9659
INV_0001447,INC_001,2024-01-13T06:00:00+00:00,SKU_0040,STORE_002,False,0.9327
INV_0001448,INC_001,2024-01-13T06:00:00+00:00,SKU_0040,STORE_003,False,0.9497
INV_0001449,INC_001,2024-01-13T06:00:00+00:00,SKU_0040,STORE_004,True,0.9356
INV_0001450,INC_001,2024-01-13T06:00:00+00:00,SKU_0040,STORE_005,True,0.9703
INV_0001451,INC_001,2024-01-13T06:00:00+00:00,SKU_0041,STORE_001,True,0.9637
INV_0001452,INC_001,2024-01-13T06:00:00+00:00,SKU_0041,STORE_002,True,0.9288
INV_0001453,INC_001,2024-01-13T06:00:00+00:00,SKU_0041,STORE_003,True,0.9173
INV_0001454,INC_001,2024-01-13T06:00:00+00:00,SKU_0041,STORE_004,True,0.9227
INV_0001455,INC_001,2024-01-13T06:00:00+00:00,SKU_0041,STORE_005,True,0.9239
INV_0001456,INC_001,2024-01-13T06:00:00+00:00,SKU_0042,STORE_001,True,0.9498
INV_0001457,INC_001,2024-01-13T06:00:00+00:00,SKU_0042,STORE_002,True,0.9549
INV_0001458,INC_001,2024-01-13T06:00:00+00:00,SKU_0042,STORE_003,True,0.9439
INV_0001459,INC_001,2024-01-13T06:00:00+00:00,SKU_0042,STORE_004,True,0.9555
INV_0001460,INC_001,2024-01-13T06:00:00+00:00,SKU_0042,STORE_005,True,0.9222
INV_0001461,INC_001,2024-01-13T06:00:00+00:00,SKU_0043,STORE_001,True,0.9302
INV_0001462,INC_001,2024-01-13T06:00:00+00:00,SKU_0043,STORE_002,True,0.9278
INV_0001463,INC_001,2024-01-13T06:00:00+00:00,SKU_0043,STORE_003,True,0.9466
INV_0001464,INC_001,2024-01-13T06:00:00+00:00,SKU_0043,STORE_004,True,0.9368
INV_0001465,INC_001,2024-01-13T06:00:00+00:00,SKU_0043,STORE_005,True,0.9154
INV_0001466,INC_001,2024-01-13T06:00:00+00:00,SKU_0044,STORE_001,True,0.9459
INV_0001467,INC_001,2024-01-13T06:00:00+00:00,SKU_0044,STORE_002,True,0.9434
INV_0001468,INC_001,2024-01-13T06:00:00+00:00,SKU_0044,STORE_003,True,0.9435
INV_0001469,INC_001,2024-01-13T06:00:00+00:00,SKU_0044,STORE_004,True,0.9884
INV_0001470,INC_001,2024-01-13T06:00:00+00:00,SKU_0044,STORE_005,True,0.9138
INV_0001471,INC_001,2024-01-13T06:00:00+00:00,SKU_0045,STORE_001,True,0.955
INV_0001472,INC_001,2024-01-13T06:00:00+00:00,SKU_0045,STORE_002,True,0.9612
INV_0001473,INC_001,2024-01-13T06:00:00+00:00,SKU_0045,STORE_003,True,0.9354
INV_0001474,INC_001,2024-01-13T06:00:00+00:00,SKU_0045,STORE_004,True,0.963
INV_0001475,INC_001,2024-01-13T06:00:00+00:00,SKU_0045,STORE_005,True,0.9399
INV_0001476,INC_001,2024-01-13T06:00:00+00:00,SKU_0046,STORE_001,True,0.9626
INV_0001477,INC_001,2024-01-13T06:00:00+00:00,SKU_0046,STORE_002,True,0.9497
INV_0001478,INC_001,2024-01-13T06:00:00+00:00,SKU_0046,STORE_003,True,0.9291
INV_0001479,INC_001,2024-01-13T06:00:00+00:00,SKU_0046,STORE_004,False,0.9117
INV_0001480,INC_001,2024-01-13T06:00:00+00:00,SKU_0046,STORE_005,True,0.9029
INV_0001481,INC_001,2024-01-13T06:00:00+00:00,SKU_0047,STORE_001,True,0.9892
INV_0001482,INC_001,2024-01-13T06:00:00+00:00,SKU_0047,STORE_002,True,0.9658
INV_0001483,INC_001,2024-01-13T06:00:00+00:00,SKU_0047,STORE_003,True,0.9511
INV_0001484,INC_001,2024-01-13T06:00:00+00:00,SKU_0047,STORE_004,True,0.8964
INV_0001485,INC_001,2024-01-13T06:00:00+00:00,SKU_0047,STORE_005,True,0.9457
INV_0001486,INC_001,2024-01-13T06:00:00+00:00,SKU_0048,STORE_001,True,0.9426
INV_0001487,INC_001,2024-01-13T06:00:00+00:00,SKU_0048,STORE_002,True,0.9041
INV_0001488,INC_001,2024-01-13T06:00:00+00:00,SKU_0048,STORE_003,True,0.9355
INV_0001489,INC_001,2024-01-13T06:00:00+00:00,SKU_0048,STORE_004,True,0.9123
INV_0001490,INC_001,2024-01-13T06:00:00+00:00,SKU_0048,STORE_005,True,0.9389
INV_0001491,INC_001,2024-01-13T06:00:00+00:00,SKU_0049,STORE_001,True,0.9549
INV_0001492,INC_001,2024-01-13T06:00:00+00:00,SKU_0049,STORE_002,True,0.9253
INV_0001493,INC_001,2024-01-13T06:00:00+00:00,SKU_0049,STORE_003,True,0.9551
INV_0001494,INC_001,2024-01-13T06:00:00+00:00,SKU_0049,STORE_004,False,0.9244
INV_0001495,INC_001,2024-01-13T06:00:00+00:00,SKU_0049,STORE_005,True,0.9243
INV_0001496,INC_001,2024-01-13T06:00:00+00:00,SKU_0050,STORE_001,True,0.9676
INV_0001497,INC_001,2024-01-13T06:00:00+00:00,SKU_0050,STORE_002,False,0.9321
INV_0001498,INC_001,2024-01-13T06:00:00+00:00,SKU_0050,STORE_003,True,0.9458
INV_0001499,INC_001,2024-01-13T06:00:00+00:00,SKU_0050,STORE_004,True,0.9464
INV_0001500,INC_001,2024-01-13T06:00:00+00:00,SKU_0050,STORE_005,True,0.9856
INV_0001501,INC_001,2024-01-14T06:00:00+00:00,SKU_0001,STORE_001,True,0.964
INV_0001502,INC_001,2024-01-14T06:00:00+00:00,SKU_0001,STORE_002,True,0.9416
INV_0001503,INC_001,2024-01-14T06:00:00+00:00,SKU_0001,STORE_003,True,0.9457
INV_0001504,INC_001,2024-01-14T06:00:00+00:00,SKU_0001,STORE_004,True,0.9464
INV_0001505,INC_001,2024-01-14T06:00:00+00:00,SKU_0001,STORE_005,True,0.967
INV_0001506,INC_001,2024-01-14T06:00:00+00:00,SKU_0002,STORE_001,True,0.9402
INV_0001507,INC_001,2024-01-14T06:00:00+00:00,SKU_0002,STORE_002,True,0.9331
INV_0001508,INC_001,2024-01-14T06:00:00+00:00,SKU_0002,STORE_003,True,0.9063
INV_0001509,INC_001,2024-01-14T06:00:00+00:00,SKU_0002,STORE_004,True,0.9332
INV_0001510,INC_001,2024-01-14T06:00:00+00:00,SKU_0002,STORE_005,True,0.9394
INV_0001511,INC_001,2024-01-14T06:00:00+00:00,SKU_0003,STORE_001,True,0.928
INV_0001512,INC_001,2024-01-14T06:00:00+00:00,SKU_0003,STORE_002,True,0.9414
INV_0001513,INC_001,2024-01-14T06:00:00+00:00,SKU_0003,STORE_003,True,0.9572
INV_0001514,INC_001,2024-01-14T06:00:00+00:00,SKU_0003,STORE_004,True,0.9041
INV_0001515,INC_001,2024-01-14T06:00:00+00:00,SKU_0003,STORE_005,True,0.9258
INV_0001516,INC_001,2024-01-14T06:00:00+00:00,SKU_0004,STORE_001,True,0.9811
INV_0001517,INC_001,2024-01-14T06:00:00+00:00,SKU_0004,STORE_002,True,0.9234
INV_0001518,INC_001,2024-01-14T06:00:00+00:00,SKU_0004,STORE_003,True,0.9458
INV_0001519,INC_001,2024-01-14T06:00:00+00:00,SKU_0004,STORE_004,True,0.9665
INV_0001520,INC_001,2024-01-14T06:00:00+00:00,SKU_0004,STORE_005,True,0.9654
INV_0001521,INC_001,2024-01-14T06:00:00+00:00,SKU_0005,STORE_001,True,0.949
INV_0001522,INC_001,2024-01-14T06:00:00+00:00,SKU_0005,STORE_002,True,0.9436
INV_0001523,INC_001,2024-01-14T06:00:00+00:00,SKU_0005,STORE_003,True,0.9427
INV_0001524,INC_001,2024-01-14T06:00:00+00:00,SKU_0005,STORE_004,True,0.9471
INV_0001525,INC_001,2024-01-14T06:00:00+00:00,SKU_0005,STORE_005,True,0.9571
INV_0001526,INC_001,2024-01-14T06:00:00+00:00,SKU_0006,STORE_001,True,0.9245
INV_0001527,INC_001,2024-01-14T06:00:00+00:00,SKU_0006,STORE_002,True,0.9327
INV_0001528,INC_001,2024-01-14T06:00:00+00:00,SKU_0006,STORE_003,True,0.9302
INV_0001529,INC_001,2024-01-14T06:00:00+00:00,SKU_0006,STORE_004,True,0.9307
INV_0001530,INC_001,2024-01-14T06:00:00+00:00,SKU_0006,STORE_005,True,0.9276
INV_0001531,INC_001,2024-01-14T06:00:00+00:00,SKU_0007,STORE_001,True,0.9412
INV_0001532,INC_001,2024-01-14T06:00:00+00:00,SKU_0007,STORE_002,True,0.9453
INV_0001533,INC_001,2024-01-14T06:00:00+00:00,SKU_0007,STORE_003,True,0.9335
INV_0001534,INC_001,2024-01-14T06:00:00+00:00,SKU_0007,STORE_004,True,0.9152
INV_0001535,INC_001,2024-01-14T06:00:00+00:00,SKU_0007,STORE_005,False,0.9404
INV_0001536,INC_001,2024-01-14T06:00:00+00:00,SKU_0008,STORE_001,True,0.9516
INV_0001537,INC_001,2024-01-14T06:00:00+00:00,SKU_0008,STORE_002,True,0.9363
INV_0001538,INC_001,2024-01-14T06:00:00+00:00,SKU_0008,STORE_003,True,0.9496
INV_0001539,INC_001,2024-01-14T06:00:00+00:00,SKU_0008,STORE_004,True,0.8964
INV_0001540,INC_001,2024-01-14T06:00:00+00:00,SKU_0008,STORE_005,True,0.9206
INV_0001541,INC_001,2024-01-14T06:00:00+00:00,SKU_0009,STORE_001,True,0.945
INV_0001542,INC_001,2024-01-14T06:00:00+00:00,SKU_0009,STORE_002,True,0.9842
INV_0001543,INC_001,2024-01-14T06:00:00+00:00,SKU_0009,STORE_003,True,0.9254
INV_0001544,INC_001,2024-01-14T06:00:00+00:00,SKU_0009,STORE_004,True,0.9528
INV_0001545,INC_001,2024-01-14T06:00:00+00:00,SKU_0009,STORE_005,True,0.9035
INV_0001546,INC_001,2024-01-14T06:00:00+00:00,SKU_0010,STORE_001,True,0.9233
INV_0001547,INC_001,2024-01-14T06:00:00+00:00,SKU_0010,STORE_002,True,0.95
INV_0001548,INC_001,2024-01-14T06:00:00+00:00,SKU_0010,STORE_003,True,0.9451
INV_0001549,INC_001,2024-01-14T06:00:00+00:00,SKU_0010,STORE_004,True,0.9274
INV_0001550,INC_001,2024-01-14T06:00:00+00:00,SKU_0010,STORE_005,True,0.9707
INV_0001551,INC_001,2024-01-14T06:00:00+00:00,SKU_0011,STORE_001,True,0.9666
INV_0001552,INC_001,2024-01-14T06:00:00+00:00,SKU_0011,STORE_002,True,0.9605
INV_0001553,INC_001,2024-01-14T06:00:00+00:00,SKU_0011,STORE_003,True,0.9132
INV_0001554,INC_001,2024-01-14T06:00:00+00:00,SKU_0011,STORE_004,True,0.9675
INV_0001555,INC_001,2024-01-14T06:00:00+00:00,SKU_0011,STORE_005,True,0.9656
INV_0001556,INC_001,2024-01-14T06:00:00+00:00,SKU_0012,STORE_001,True,0.9379
INV_0001557,INC_001,2024-01-14T06:00:00+00:00,SKU_0012,STORE_002,True,0.9371
INV_0001558,INC_001,2024-01-14T06:00:00+00:00,SKU_0012,STORE_003,True,0.947
INV_0001559,INC_001,2024-01-14T06:00:00+00:00,SKU_0012,STORE_004,True,0.9455
INV_0001560,INC_001,2024-01-14T06:00:00+00:00,SKU_0012,STORE_005,True,0.9571
INV_0001561,INC_001,2024-01-14T06:00:00+00:00,SKU_0013,STORE_001,True,0.963
INV_0001562,INC_001,2024-01-14T06:00:00+00:00,SKU_0013,STORE_002,True,0.9392
INV_0001563,INC_001,2024-01-14T06:00:00+00:00,SKU_0013,STORE_003,True,0.9451
INV_0001564,INC_001,2024-01-14T06:00:00+00:00,SKU_0013,STORE_004,True,0.9848
INV_0001565,INC_001,2024-01-14T06:00:00+00:00,SKU_0013,STORE_005,True,0.9659
INV_0001566,INC_001,2024-01-14T06:00:00+00:00,SKU_0014,STORE_001,True,0.8937
INV_0001567,INC_001,2024-01-14T06:00:00+00:00,SKU_0014,STORE_002,True,0.9449
INV_0001568,INC_001,2024-01-14T06:00:00+00:00,SKU_0014,STORE_003,True,0.9469
INV_0001569,INC_001,2024-01-14T06:00:00+00:00,SKU_0014,STORE_004,True,0.8975
INV_0001570,INC_001,2024-01-14T06:00:00+00:00,SKU_0014,STORE_005,True,0.9678
INV_0001571,INC_001,2024-01-14T06:00:00+00:00,SKU_0015,STORE_001,True,0.9183
INV_0001572,INC_001,2024-01-14T06:00:00+00:00,SKU_0015,STORE_002,True,0.9376
INV_0001573,INC_001,2024-01-14T06:00:00+00:00,SKU_0015,STORE_003,True,0.9527
INV_0001574,INC_001,2024-01-14T06:00:00+00:00,SKU_0015,STORE_004,True,0.9927
INV_0001575,INC_001,2024-01-14T06:00:00+00:00,SKU_0015,STORE_005,False,0.9317
INV_0001576,INC_001,2024-01-14T06:00:00+00:00,SKU_0016,STORE_001,False,0.9174
INV_0001577,INC_001,2024-01-14T06:00:00+00:00,SKU_0016,STORE_002,True,0.948
INV_0001578,INC_001,2024-01-14T06:00:00+00:00,SKU_0016,STORE_003,True,0.9255
INV_0001579,INC_001,2024-01-14T06:00:00+00:00,SKU_0016,STORE_004,True,0.9603
INV_0001580,INC_001,2024-01-14T06:00:00+00:00,SKU_0016,STORE_005,True,0.926
INV_0001581,INC_001,2024-01-14T06:00:00+00:00,SKU_0017,STORE_001,True,0.9344
INV_0001582,INC_001,2024-01-14T06:00:00+00:00,SKU_0017,STORE_002,True,0.9451
INV_0001583,INC_001,2024-01-14T06:00:00+00:00,SKU_0017,STORE_003,True,0.9381
INV_0001584,INC_001,2024-01-14T06:00:00+00:00,SKU_0017,STORE_004,True,0.9201
INV_0001585,INC_001,2024-01-14T06:00:00+00:00,SKU_0017,STORE_005,True,0.9589
INV_0001586,INC_001,2024-01-14T06:00:00+00:00,SKU_0018,STORE_001,True,0.9351
INV_0001587,INC_001,2024-01-14T06:00:00+00:00,SKU_0018,STORE_002,True,0.9523
INV_0001588,INC_001,2024-01-14T06:00:00+00:00,SKU_0018,STORE_003,True,0.962
INV_0001589,INC_001,2024-01-14T06:00:00+00:00,SKU_0018,STORE_004,True,0.9149
INV_0001590,INC_001,2024-01-14T06:00:00+00:00,SKU_0018,STORE_005,True,0.9912
INV_0001591,INC_001,2024-01-14T06:00:00+00:00,SKU_0019,STORE_001,True,0.9372
INV_0001592,INC_001,2024-01-14T06:00:00+00:00,SKU_0019,STORE_002,True,0.9454
INV_0001593,INC_001,2024-01-14T06:00:00+00:00,SKU_0019,STORE_003,True,0.9352
INV_0001594,INC_001,2024-01-14T06:00:00+00:00,SKU_0019,STORE_004,True,0.9259
INV_0001595,INC_001,2024-01-14T06:00:00+00:00,SKU_0019,STORE_005,True,0.9418
INV_0001596,INC_001,2024-01-14T06:00:00+00:00,SKU_0020,STORE_001,True,0.9442
INV_0001597,INC_001,2024-01-14T06:00:00+00:00,SKU_0020,STORE_002,True,0.9647
INV_0001598,INC_001,2024-01-14T06:00:00+00:00,SKU_0020,STORE_003,True,0.9926
INV_0001599,INC_001,2024-01-14T06:00:00+00:00,SKU_0020,STORE_004,True,0.9529
INV_0001600,INC_001,2024-01-14T06:00:00+00:00,SKU_0020,STORE_005,True,0.9682
INV_0001601,INC_001,2024-01-14T06:00:00+00:00,SKU_0021,STORE_001,True,0.9326
INV_0001602,INC_001,2024-01-14T06:00:00+00:00,SKU_0021,STORE_002,True,0.9379
INV_0001603,INC_001,2024-01-14T06:00:00+00:00,SKU_0021,STORE_003,True,0.9488
INV_0001604,INC_001,2024-01-14T06:00:00+00:00,SKU_0021,STORE_004,True,0.9241
INV_0001605,INC_001,2024-01-14T06:00:00+00:00,SKU_0021,STORE_005,True,0.9406
INV_0001606,INC_001,2024-01-14T06:00:00+00:00,SKU_0022,STORE_001,True,0.9398
INV_0001607,INC_001,2024-01-14T06:00:00+00:00,SKU_0022,STORE_002,True,0.956
INV_0001608,INC_001,2024-01-14T06:00:00+00:00,SKU_0022,STORE_003,True,0.924
INV_0001609,INC_001,2024-01-14T06:00:00+00:00,SKU_0022,STORE_004,True,0.958
INV_0001610,INC_001,2024-01-14T06:00:00+00:00,SKU_0022,STORE_005,True,0.9371
INV_0001611,INC_001,2024-01-14T06:00:00+00:00,SKU_0023,STORE_001,True,0.9327
INV_0001612,INC_001,2024-01-14T06:00:00+00:00,SKU_0023,STORE_002,True,0.9359
INV_0001613,INC_001,2024-01-14T06:00:00+00:00,SKU_0023,STORE_003,True,1.0
INV_0001614,INC_001,2024-01-14T06:00:00+00:00,SKU_0023,STORE_004,True,0.9671
INV_0001615,INC_001,2024-01-14T06:00:00+00:00,SKU_0023,STORE_005,True,0.896
INV_0001616,INC_001,2024-01-14T06:00:00+00:00,SKU_0024,STORE_001,True,0.9343
INV_0001617,INC_001,2024-01-14T06:00:00+00:00,SKU_0024,STORE_002,True,0.9269
INV_0001618,INC_001,2024-01-14T06:00:00+00:00,SKU_0024,STORE_003,True,0.9138
INV_0001619,INC_001,2024-01-14T06:00:00+00:00,SKU_0024,STORE_004,True,0.9273
INV_0001620,INC_001,2024-01-14T06:00:00+00:00,SKU_0024,STORE_005,True,0.9168
INV_0001621,INC_001,2024-01-14T06:00:00+00:00,SKU_0025,STORE_001,True,0.9677
INV_0001622,INC_001,2024-01-14T06:00:00+00:00,SKU_0025,STORE_002,True,0.9183
INV_0001623,INC_001,2024-01-14T06:00:00+00:00,SKU_0025,STORE_003,True,0.9512
INV_0001624,INC_001,2024-01-14T06:00:00+00:00,SKU_0025,STORE_004,False,0.9157
INV_0001625,INC_001,2024-01-14T06:00:00+00:00,SKU_0025,STORE_005,True,0.9462
INV_0001626,INC_001,2024-01-14T06:00:00+00:00,SKU_0026,STORE_001,True,0.9731
INV_0001627,INC_001,2024-01-14T06:00:00+00:00,SKU_0026,STORE_002,False,0.9225
INV_0001628,INC_001,2024-01-14T06:00:00+00:00,SKU_0026,STORE_003,False,0.943
INV_0001629,INC_001,2024-01-14T06:00:00+00:00,SKU_0026,STORE_004,True,0.9514
INV_0001630,INC_001,2024-01-14T06:00:00+00:00,SKU_0026,STORE_005,True,0.9472
INV_0001631,INC_001,2024-01-14T06:00:00+00:00,SKU_0027,STORE_001,True,0.9846
INV_0001632,INC_001,2024-01-14T06:00:00+00:00,SKU_0027,STORE_002,True,0.9351
INV_0001633,INC_001,2024-01-14T06:00:00+00:00,SKU_0027,STORE_003,True,0.9413
INV_0001634,INC_001,2024-01-14T06:00:00+00:00,SKU_0027,STORE_004,True,0.9443
INV_0001635,INC_001,2024-01-14T06:00:00+00:00,SKU_0027,STORE_005,True,0.9369
INV_0001636,INC_001,2024-01-14T06:00:00+00:00,SKU_0028,STORE_001,True,0.9324
INV_0001637,INC_001,2024-01-14T06:00:00+00:00,SKU_0028,STORE_002,False,0.9494
INV_0001638,INC_001,2024-01-14T06:00:00+00:00,SKU_0028,STORE_003,True,0.9054
INV_0001639,INC_001,2024-01-14T06:00:00+00:00,SKU_0028,STORE_004,True,0.942
INV_0001640,INC_001,2024-01-14T06:00:00+00:00,SKU_0028,STORE_005,False,0.9003
INV_0001641,INC_001,2024-01-14T06:00:00+00:00,SKU_0029,STORE_001,True,0.9491
INV_0001642,INC_001,2024-01-14T06:00:00+00:00,SKU_0029,STORE_002,False,0.9177
INV_0001643,INC_001,2024-01-14T06:00:00+00:00,SKU_0029,STORE_003,True,0.8821
INV_0001644,INC_001,2024-01-14T06:00:00+00:00,SKU_0029,STORE_004,True,0.9356
INV_0001645,INC_001,2024-01-14T06:00:00+00:00,SKU_0029,STORE_005,True,0.9196
INV_0001646,INC_001,2024-01-14T06:00:00+00:00,SKU_0030,STORE_001,True,0.9783
INV_0001647,INC_001,2024-01-14T06:00:00+00:00,SKU_0030,STORE_002,True,0.8902
INV_0001648,INC_001,2024-01-14T06:00:00+00:00,SKU_0030,STORE_003,True,0.9387
INV_0001649,INC_001,2024-01-14T06:00:00+00:00,SKU_0030,STORE_004,True,0.954
INV_0001650,INC_001,2024-01-14T06:00:00+00:00,SKU_0030,STORE_005,True,0.9249
INV_0001651,INC_001,2024-01-14T06:00:00+00:00,SKU_0031,STORE_001,True,0.9585
INV_0001652,INC_001,2024-01-14T06:00:00+00:00,SKU_0031,STORE_002,True,0.9149
INV_0001653,INC_001,2024-01-14T06:00:00+00:00,SKU_0031,STORE_003,True,0.9398
INV_0001654,INC_001,2024-01-14T06:00:00+00:00,SKU_0031,STORE_004,True,0.9336
INV_0001655,INC_001,2024-01-14T06:00:00+00:00,SKU_0031,STORE_005,True,0.9383
INV_0001656,INC_001,2024-01-14T06:00:00+00:00,SKU_0032,STORE_001,True,0.932
INV_0001657,INC_001,2024-01-14T06:00:00+00:00,SKU_0032,STORE_002,True,0.9264
INV_0001658,INC_001,2024-01-14T06:00:00+00:00,SKU_0032,STORE_003,True,0.9474
INV_0001659,INC_001,2024-01-14T06:00:00+00:00,SKU_0032,STORE_004,True,0.9155
INV_0001660,INC_001,2024-01-14T06:00:00+00:00,SKU_0032,STORE_005,True,0.9085
INV_0001661,INC_001,2024-01-14T06:00:00+00:00,SKU_0033,STORE_001,True,0.9606
INV_0001662,INC_001,2024-01-14T06:00:00+00:00,SKU_0033,STORE_002,False,0.9513
INV_0001663,INC_001,2024-01-14T06:00:00+00:00,SKU_0033,STORE_003,True,0.9528
INV_0001664,INC_001,2024-01-14T06:00:00+00:00,SKU_0033,STORE_004,False,0.9378
INV_0001665,INC_001,2024-01-14T06:00:00+00:00,SKU_0033,STORE_005,True,0.9105
INV_0001666,INC_001,2024-01-14T06:00:00+00:00,SKU_0034,STORE_001,True,0.9318
INV_0001667,INC_001,2024-01-14T06:00:00+00:00,SKU_0034,STORE_002,True,0.9454
INV_0001668,INC_001,2024-01-14T06:00:00+00:00,SKU_0034,STORE_003,True,0.9284
INV_0001669,INC_001,2024-01-14T06:00:00+00:00,SKU_0034,STORE_004,False,0.9024
INV_0001670,INC_001,2024-01-14T06:00:00+00:00,SKU_0034,STORE_005,True,0.9567
INV_0001671,INC_001,2024-01-14T06:00:00+00:00,SKU_0035,STORE_001,True,0.9511
INV_0001672,INC_001,2024-01-14T06:00:00+00:00,SKU_0035,STORE_002,True,0.9653
INV_0001673,INC_001,2024-01-14T06:00:00+00:00,SKU_0035,STORE_003,True,0.9857
INV_0001674,INC_001,2024-01-14T06:00:00+00:00,SKU_0035,STORE_004,True,0.9529
INV_0001675,INC_001,2024-01-14T06:00:00+00:00,SKU_0035,STORE_005,True,0.9005
INV_0001676,INC_001,2024-01-14T06:00:00+00:00,SKU_0036,STORE_001,True,0.9294
INV_0001677,INC_001,2024-01-14T06:00:00+00:00,SKU_0036,STORE_002,True,0.9496
INV_0001678,INC_001,2024-01-14T06:00:00+00:00,SKU_0036,STORE_003,True,0.9478
INV_0001679,INC_001,2024-01-14T06:00:00+00:00,SKU_0036,STORE_004,True,0.9417
INV_0001680,INC_001,2024-01-14T06:00:00+00:00,SKU_0036,STORE_005,True,0.9308
INV_0001681,INC_001,2024-01-14T06:00:00+00:00,SKU_0037,STORE_001,True,0.9702
INV_0001682,INC_001,2024-01-14T06:00:00+00:00,SKU_0037,STORE_002,True,0.9186
INV_0001683,INC_001,2024-01-14T06:00:00+00:00,SKU_0037,STORE_003,True,0.9413
INV_0001684,INC_001,2024-01-14T06:00:00+00:00,SKU_0037,STORE_004,True,0.9245
INV_0001685,INC_001,2024-01-14T06:00:00+00:00,SKU_0037,STORE_005,True,0.9603
INV_0001686,INC_001,2024-01-14T06:00:00+00:00,SKU_0038,STORE_001,True,0.9453
INV_0001687,INC_001,2024-01-14T06:00:00+00:00,SKU_0038,STORE_002,False,0.9203
INV_0001688,INC_001,2024-01-14T06:00:00+00:00,SKU_0038,STORE_003,True,0.9345
INV_0001689,INC_001,2024-01-14T06:00:00+00:00,SKU_0038,STORE_004,True,0.9142
INV_0001690,INC_001,2024-01-14T06:00:00+00:00,SKU_0038,STORE_005,False,0.953
INV_0001691,INC_001,2024-01-14T06:00:00+00:00,SKU_0039,STORE_001,False,0.902
INV_0001692,INC_001,2024-01-14T06:00:00+00:00,SKU_0039,STORE_002,True,0.9345
INV_0001693,INC_001,2024-01-14T06:00:00+00:00,SKU_0039,STORE_003,True,0.966
INV_0001694,INC_001,2024-01-14T06:00:00+00:00,SKU_0039,STORE_004,True,0.913
INV_0001695,INC_001,2024-01-14T06:00:00+00:00,SKU_0039,STORE_005,True,0.9362
INV_0001696,INC_001,2024-01-14T06:00:00+00:00,SKU_0040,STORE_001,True,0.9374
INV_0001697,INC_001,2024-01-14T06:00:00+00:00,SKU_0040,STORE_002,True,0.9541
INV_0001698,INC_001,2024-01-14T06:00:00+00:00,SKU_0040,STORE_003,True,0.9409
INV_0001699,INC_001,2024-01-14T06:00:00+00:00,SKU_0040,STORE_004,True,0.9652
INV_0001700,INC_001,2024-01-14T06:00:00+00:00,SKU_0040,STORE_005,True,0.9394
INV_0001701,INC_001,2024-01-14T06:00:00+00:00,SKU_0041,STORE_001,True,0.9188
INV_0001702,INC_001,2024-01-14T06:00:00+00:00,SKU_0041,STORE_002,True,0.9479
INV_0001703,INC_001,2024-01-14T06:00:00+00:00,SKU_0041,STORE_003,True,0.9185
INV_0001704,INC_001,2024-01-14T06:00:00+00:00,SKU_0041,STORE_004,True,0.9526
INV_0001705,INC_001,2024-01-14T06:00:00+00:00,SKU_0041,STORE_005,True,0.9524
INV_0001706,INC_001,2024-01-14T06:00:00+00:00,SKU_0042,STORE_001,True,0.9503
INV_0001707,INC_001,2024-01-14T06:00:00+00:00,SKU_0042,STORE_002,True,0.9453
INV_0001708,INC_001,2024-01-14T06:00:00+00:00,SKU_0042,STORE_003,True,0.9359
INV_0001709,INC_001,2024-01-14T06:00:00+00:00,SKU_0042,STORE_004,True,0.9491
INV_0001710,INC_001,2024-01-14T06:00:00+00:00,SKU_0042,STORE_005,True,0.9467
INV_0001711,INC_001,2024-01-14T06:00:00+00:00,SKU_0043,STORE_001,True,0.9264
INV_0001712,INC_001,2024-01-14T06:00:00+00:00,SKU_0043,STORE_002,True,0.9496
INV_0001713,INC_001,2024-01-14T06:00:00+00:00,SKU_0043,STORE_003,True,0.9622
INV_0001714,INC_001,2024-01-14T06:00:00+00:00,SKU_0043,STORE_004,True,0.9455
INV_0001715,INC_001,2024-01-14T06:00:00+00:00,SKU_0043,STORE_005,True,0.9616
INV_0001716,INC_001,2024-01-14T06:00:00+00:00,SKU_0044,STORE_001,True,0.9325
INV_0001717,INC_001,2024-01-14T06:00:00+00:00,SKU_0044,STORE_002,True,0.9492
INV_0001718,INC_001,2024-01-14T06:00:00+00:00,SKU_0044,STORE_003,True,0.9446
INV_0001719,INC_001,2024-01-14T06:00:00+00:00,SKU_0044,STORE_004,True,0.9565
INV_0001720,INC_001,2024-01-14T06:00:00+00:00,SKU_0044,STORE_005,True,0.9149
INV_0001721,INC_001,2024-01-14T06:00:00+00:00,SKU_0045,STORE_001,False,0.9467
INV_0001722,INC_001,2024-01-14T06:00:00+00:00,SKU_0045,STORE_002,True,0.9517
INV_0001723,INC_001,2024-01-14T06:00:00+00:00,SKU_0045,STORE_003,True,0.9193
INV_0001724,INC_001,2024-01-14T06:00:00+00:00,SKU_0045,STORE_004,True,0.9037
INV_0001725,INC_001,2024-01-14T06:00:00+00:00,SKU_0045,STORE_005,True,0.9596
INV_0001726,INC_001,2024-01-14T06:00:00+00:00,SKU_0046,STORE_001,True,0.9404
INV_0001727,INC_001,2024-01-14T06:00:00+00:00,SKU_0046,STORE_002,True,0.9711
INV_0001728,INC_001,2024-01-14T06:00:00+00:00,SKU_0046,STORE_003,True,0.9295
INV_0001729,INC_001,2024-01-14T06:00:00+00:00,SKU_0046,STORE_004,True,0.9774
INV_0001730,INC_001,2024-01-14T06:00:00+00:00,SKU_0046,STORE_005,True,0.9309
INV_0001731,INC_001,2024-01-14T06:00:00+00:00,SKU_0047,STORE_001,True,0.9245
INV_0001732,INC_001,2024-01-14T06:00:00+00:00,SKU_0047,STORE_002,True,0.9419
INV_0001733,INC_001,2024-01-14T06:00:00+00:00,SKU_0047,STORE_003,True,0.9197
INV_0001734,INC_001,2024-01-14T06:00:00+00:00,SKU_0047,STORE_004,True,0.9648
INV_0001735,INC_001,2024-01-14T06:00:00+00:00,SKU_0047,STORE_005,True,0.9595
INV_0001736,INC_001,2024-01-14T06:00:00+00:00,SKU_0048,STORE_001,True,0.9686
INV_0001737,INC_001,2024-01-14T06:00:00+00:00,SKU_0048,STORE_002,True,0.9485
INV_0001738,INC_001,2024-01-14T06:00:00+00:00,SKU_0048,STORE_003,True,0.9401
INV_0001739,INC_001,2024-01-14T06:00:00+00:00,SKU_0048,STORE_004,True,0.9422
INV_0001740,INC_001,2024-01-14T06:00:00+00:00,SKU_0048,STORE_005,True,0.9372
INV_0001741,INC_001,2024-01-14T06:00:00+00:00,SKU_0049,STORE_001,True,0.9453
INV_0001742,INC_001,2024-01-14T06:00:00+00:00,SKU_0049,STORE_002,True,0.9172
INV_0001743,INC_001,2024-01-14T06:00:00+00:00,SKU_0049,STORE_003,True,0.8729
INV_0001744,INC_001,2024-01-14T06:00:00+00:00,SKU_0049,STORE_004,True,0.9458
INV_0001745,INC_001,2024-01-14T06:00:00+00:00,SKU_0049,STORE_005,True,0.948
INV_0001746,INC_001,2024-01-14T06:00:00+00:00,SKU_0050,STORE_001,False,0.9152
INV_0001747,INC_001,2024-01-14T06:00:00+00:00,SKU_0050,STORE_002,True,0.9425
INV_0001748,INC_001,2024-01-14T06:00:00+00:00,SKU_0050,STORE_003,True,0.9534
INV_0001749,INC_001,2024-01-14T06:00:00+00:00,SKU_0050,STORE_004,True,0.9192
INV_0001750,INC_001,2024-01-14T06:00:00+00:00,SKU_0050,STORE_005,True,0.9346
INV_0001751,INC_001,2024-01-15T06:00:00+00:00,SKU_0001,STORE_001,True,0.9486
INV_0001752,INC_001,2024-01-15T06:00:00+00:00,SKU_0001,STORE_002,True,0.9722
INV_0001753,INC_001,2024-01-15T06:00:00+00:00,SKU_0001,STORE_003,True,0.9551
INV_0001754,INC_001,2024-01-15T06:00:00+00:00,SKU_0001,STORE_004,True,0.9441
INV_0001755,INC_001,2024-01-15T06:00:00+00:00,SKU_0001,STORE_005,True,0.9387
INV_0001756,INC_001,2024-01-15T06:00:00+00:00,SKU_0002,STORE_001,True,0.957
INV_0001757,INC_001,2024-01-15T06:00:00+00:00,SKU_0002,STORE_002,True,0.9495
INV_0001758,INC_001,2024-01-15T06:00:00+00:00,SKU_0002,STORE_003,True,0.9591
INV_0001759,INC_001,2024-01-15T06:00:00+00:00,SKU_0002,STORE_004,True,0.9348
INV_0001760,INC_001,2024-01-15T06:00:00+00:00,SKU_0002,STORE_005,True,0.962
INV_0001761,INC_001,2024-01-15T06:00:00+00:00,SKU_0003,STORE_001,True,0.9328
INV_0001762,INC_001,2024-01-15T06:00:00+00:00,SKU_0003,STORE_002,True,0.9327
INV_0001763,INC_001,2024-01-15T06:00:00+00:00,SKU_0003,STORE_003,True,0.968
INV_0001764,INC_001,2024-01-15T06:00:00+00:00,SKU_0003,STORE_004,True,0.9332
INV_0001765,INC_001,2024-01-15T06:00:00+00:00,SKU_0003,STORE_005,True,0.9449
INV_0001766,INC_001,2024-01-15T06:00:00+00:00,SKU_0004,STORE_001,True,0.9356
INV_0001767,INC_001,2024-01-15T06:00:00+00:00,SKU_0004,STORE_002,True,0.9529
INV_0001768,INC_001,2024-01-15T06:00:00+00:00,SKU_0004,STORE_003,True,0.9247
INV_0001769,INC_001,2024-01-15T06:00:00+00:00,SKU_0004,STORE_004,True,0.9503
INV_0001770,INC_001,2024-01-15T06:00:00+00:00,SKU_0004,STORE_005,True,0.9339
INV_0001771,INC_001,2024-01-15T06:00:00+00:00,SKU_0005,STORE_001,True,0.945
INV_0001772,INC_001,2024-01-15T06:00:00+00:00,SKU_0005,STORE_002,True,0.9854
INV_0001773,INC_001,2024-01-15T06:00:00+00:00,SKU_0005,STORE_003,True,0.9338
INV_0001774,INC_001,2024-01-15T06:00:00+00:00,SKU_0005,STORE_004,True,0.9563
INV_0001775,INC_001,2024-01-15T06:00:00+00:00,SKU_0005,STORE_005,True,0.9367
INV_0001776,INC_001,2024-01-15T06:00:00+00:00,SKU_0006,STORE_001,True,0.9505
INV_0001777,INC_001,2024-01-15T06:00:00+00:00,SKU_0006,STORE_002,True,0.913
INV_0001778,INC_001,2024-01-15T06:00:00+00:00,SKU_0006,STORE_003,True,0.9455
INV_0001779,INC_001,2024-01-15T06:00:00+00:00,SKU_0006,STORE_004,True,0.9085
INV_0001780,INC_001,2024-01-15T06:00:00+00:00,SKU_0006,STORE_005,True,0.9555
INV_0001781,INC_001,2024-01-15T06:00:00+00:00,SKU_0007,STORE_001,True,0.9321
INV_0001782,INC_001,2024-01-15T06:00:00+00:00,SKU_0007,STORE_002,True,0.9598
INV_0001783,INC_001,2024-01-15T06:00:00+00:00,SKU_0007,STORE_003,True,0.9537
INV_0001784,INC_001,2024-01-15T06:00:00+00:00,SKU_0007,STORE_004,True,0.9281
INV_0001785,INC_001,2024-01-15T06:00:00+00:00,SKU_0007,STORE_005,True,0.9233
INV_0001786,INC_001,2024-01-15T06:00:00+00:00,SKU_0008,STORE_001,True,0.9212
INV_0001787,INC_001,2024-01-15T06:00:00+00:00,SKU_0008,STORE_002,True,0.9285
INV_0001788,INC_001,2024-01-15T06:00:00+00:00,SKU_0008,STORE_003,True,0.9535
INV_0001789,INC_001,2024-01-15T06:00:00+00:00,SKU_0008,STORE_004,True,0.9372
INV_0001790,INC_001,2024-01-15T06:00:00+00:00,SKU_0008,STORE_005,True,0.9457
INV_0001791,INC_001,2024-01-15T06:00:00+00:00,SKU_0009,STORE_001,True,0.9198
INV_0001792,INC_001,2024-01-15T06:00:00+00:00,SKU_0009,STORE_002,True,0.9579
INV_0001793,INC_001,2024-01-15T06:00:00+00:00,SKU_0009,STORE_003,True,0.9324
INV_0001794,INC_001,2024-01-15T06:00:00+00:00,SKU_0009,STORE_004,True,0.9183
INV_0001795,INC_001,2024-01-15T06:00:00+00:00,SKU_0009,STORE_005,True,0.9253
INV_0001796,INC_001,2024-01-15T06:00:00+00:00,SKU_0010,STORE_001,True,0.9339
INV_0001797,INC_001,2024-01-15T06:00:00+00:00,SKU_0010,STORE_002,True,0.9277
INV_0001798,INC_001,2024-01-15T06:00:00+00:00,SKU_0010,STORE_003,True,0.9586
INV_0001799,INC_001,2024-01-15T06:00:00+00:00,SKU_0010,STORE_004,True,0.9761
INV_0001800,INC_001,2024-01-15T06:00:00+00:00,SKU_0010,STORE_005,True,0.956
INV_0001801,INC_001,2024-01-15T06:00:00+00:00,SKU_0011,STORE_001,True,0.9431
INV_0001802,INC_001,2024-01-15T06:00:00+00:00,SKU_0011,STORE_002,True,0.9397
INV_0001803,INC_001,2024-01-15T06:00:00+00:00,SKU_0011,STORE_003,True,0.9137
INV_0001804,INC_001,2024-01-15T06:00:00+00:00,SKU_0011,STORE_004,False,0.9368
INV_0001805,INC_001,2024-01-15T06:00:00+00:00,SKU_0011,STORE_005,True,0.9446
INV_0001806,INC_001,2024-01-15T06:00:00+00:00,SKU_0012,STORE_001,True,0.9337
INV_0001807,INC_001,2024-01-15T06:00:00+00:00,SKU_0012,STORE_002,True,0.9636
INV_0001808,INC_001,2024-01-15T06:00:00+00:00,SKU_0012,STORE_003,True,0.9462
INV_0001809,INC_001,2024-01-15T06:00:00+00:00,SKU_0012,STORE_004,True,0.9499
INV_0001810,INC_001,2024-01-15T06:00:00+00:00,SKU_0012,STORE_005,True,0.9248
INV_0001811,INC_001,2024-01-15T06:00:00+00:00,SKU_0013,STORE_001,False,0.9007
INV_0001812,INC_001,2024-01-15T06:00:00+00:00,SKU_0013,STORE_002,True,0.9522
INV_0001813,INC_001,2024-01-15T06:00:00+00:00,SKU_0013,STORE_003,True,0.9554
INV_0001814,INC_001,2024-01-15T06:00:00+00:00,SKU_0013,STORE_004,True,0.9355
INV_0001815,INC_001,2024-01-15T06:00:00+00:00,SKU_0013,STORE_005,True,0.983
INV_0001816,INC_001,2024-01-15T06:00:00+00:00,SKU_0014,STORE_001,True,0.9065
INV_0001817,INC_001,2024-01-15T06:00:00+00:00,SKU_0014,STORE_002,True,0.947
INV_0001818,INC_001,2024-01-15T06:00:00+00:00,SKU_0014,STORE_003,True,0.9511
INV_0001819,INC_001,2024-01-15T06:00:00+00:00,SKU_0014,STORE_004,True,0.9478
INV_0001820,INC_001,2024-01-15T06:00:00+00:00,SKU_0014,STORE_005,True,0.9247
INV_0001821,INC_001,2024-01-15T06:00:00+00:00,SKU_0015,STORE_001,True,0.9707
INV_0001822,INC_001,2024-01-15T06:00:00+00:00,SKU_0015,STORE_002,True,0.9318
INV_0001823,INC_001,2024-01-15T06:00:00+00:00,SKU_0015,STORE_003,True,0.96
INV_0001824,INC_001,2024-01-15T06:00:00+00:00,SKU_0015,STORE_004,True,0.94
INV_0001825,INC_001,2024-01-15T06:00:00+00:00,SKU_0015,STORE_005,True,0.9065
INV_0001826,INC_001,2024-01-15T06:00:00+00:00,SKU_0016,STORE_001,True,0.9775
INV_0001827,INC_001,2024-01-15T06:00:00+00:00,SKU_0016,STORE_002,True,0.9456
INV_0001828,INC_001,2024-01-15T06:00:00+00:00,SKU_0016,STORE_003,True,0.9166
INV_0001829,INC_001,2024-01-15T06:00:00+00:00,SKU_0016,STORE_004,True,0.9036
INV_0001830,INC_001,2024-01-15T06:00:00+00:00,SKU_0016,STORE_005,True,0.9583
INV_0001831,INC_001,2024-01-15T06:00:00+00:00,SKU_0017,STORE_001,True,0.9444
INV_0001832,INC_001,2024-01-15T06:00:00+00:00,SKU_0017,STORE_002,True,0.9489
INV_0001833,INC_001,2024-01-15T06:00:00+00:00,SKU_0017,STORE_003,True,0.9267
INV_0001834,INC_001,2024-01-15T06:00:00+00:00,SKU_0017,STORE_004,True,1.0
INV_0001835,INC_001,2024-01-15T06:00:00+00:00,SKU_0017,STORE_005,True,0.9377
INV_0001836,INC_001,2024-01-15T06:00:00+00:00,SKU_0018,STORE_001,True,0.9443
INV_0001837,INC_001,2024-01-15T06:00:00+00:00,SKU_0018,STORE_002,True,0.9203
INV_0001838,INC_001,2024-01-15T06:00:00+00:00,SKU_0018,STORE_003,True,0.9235
INV_0001839,INC_001,2024-01-15T06:00:00+00:00,SKU_0018,STORE_004,True,0.9765
INV_0001840,INC_001,2024-01-15T06:00:00+00:00,SKU_0018,STORE_005,True,0.9555
INV_0001841,INC_001,2024-01-15T06:00:00+00:00,SKU_0019,STORE_001,True,0.9567
INV_0001842,INC_001,2024-01-15T06:00:00+00:00,SKU_0019,STORE_002,True,0.9519
INV_0001843,INC_001,2024-01-15T06:00:00+00:00,SKU_0019,STORE_003,True,0.9316
INV_0001844,INC_001,2024-01-15T06:00:00+00:00,SKU_0019,STORE_004,True,0.9578
INV_0001845,INC_001,2024-01-15T06:00:00+00:00,SKU_0019,STORE_005,True,0.9672
INV_0001846,INC_001,2024-01-15T06:00:00+00:00,SKU_0020,STORE_001,True,0.9288
INV_0001847,INC_001,2024-01-15T06:00:00+00:00,SKU_0020,STORE_002,True,0.9179
INV_0001848,INC_001,2024-01-15T06:00:00+00:00,SKU_0020,STORE_003,True,0.9709
INV_0001849,INC_001,2024-01-15T06:00:00+00:00,SKU_0020,STORE_004,True,0.9298
INV_0001850,INC_001,2024-01-15T06:00:00+00:00,SKU_0020,STORE_005,True,0.9504
INV_0001851,INC_001,2024-01-15T06:00:00+00:00,SKU_0021,STORE_001,True,0.9405
INV_0001852,INC_001,2024-01-15T06:00:00+00:00,SKU_0021,STORE_002,True,0.971
INV_0001853,INC_001,2024-01-15T06:00:00+00:00,SKU_0021,STORE_003,True,0.9179
INV_0001854,INC_001,2024-01-15T06:00:00+00:00,SKU_0021,STORE_004,True,0.9294
INV_0001855,INC_001,2024-01-15T06:00:00+00:00,SKU_0021,STORE_005,True,0.9069
INV_0001856,INC_001,2024-01-15T06:00:00+00:00,SKU_0022,STORE_001,True,0.9671
INV_0001857,INC_001,2024-01-15T06:00:00+00:00,SKU_0022,STORE_002,True,0.9255
INV_0001858,INC_001,2024-01-15T06:00:00+00:00,SKU_0022,STORE_003,True,0.9807
INV_0001859,INC_001,2024-01-15T06:00:00+00:00,SKU_0022,STORE_004,True,0.9751
INV_0001860,INC_001,2024-01-15T06:00:00+00:00,SKU_0022,STORE_005,True,0.921
INV_0001861,INC_001,2024-01-15T06:00:00+00:00,SKU_0023,STORE_001,True,0.9016
INV_0001862,INC_001,2024-01-15T06:00:00+00:00,SKU_0023,STORE_002,True,0.9447
INV_0001863,INC_001,2024-01-15T06:00:00+00:00,SKU_0023,STORE_003,True,0.9493
INV_0001864,INC_001,2024-01-15T06:00:00+00:00,SKU_0023,STORE_004,True,0.9461
INV_0001865,INC_001,2024-01-15T06:00:00+00:00,SKU_0023,STORE_005,True,0.9184
INV_0001866,INC_001,2024-01-15T06:00:00+00:00,SKU_0024,STORE_001,True,0.9196
INV_0001867,INC_001,2024-01-15T06:00:00+00:00,SKU_0024,STORE_002,True,0.9322
INV_0001868,INC_001,2024-01-15T06:00:00+00:00,SKU_0024,STORE_003,True,0.9648
INV_0001869,INC_001,2024-01-15T06:00:00+00:00,SKU_0024,STORE_004,True,0.9463
INV_0001870,INC_001,2024-01-15T06:00:00+00:00,SKU_0024,STORE_005,False,0.9367
INV_0001871,INC_001,2024-01-15T06:00:00+00:00,SKU_0025,STORE_001,True,0.9574
INV_0001872,INC_001,2024-01-15T06:00:00+00:00,SKU_0025,STORE_002,True,0.9206
INV_0001873,INC_001,2024-01-15T06:00:00+00:00,SKU_0025,STORE_003,True,0.9457
INV_0001874,INC_001,2024-01-15T06:00:00+00:00,SKU_0025,STORE_004,True,0.9603
INV_0001875,INC_001,2024-01-15T06:00:00+00:00,SKU_0025,STORE_005,True,0.9589
INV_0001876,INC_001,2024-01-15T06:00:00+00:00,SKU_0026,STORE_001,True,0.9419
INV_0001877,INC_001,2024-01-15T06:00:00+00:00,SKU_0026,STORE_002,True,0.9653
INV_0001878,INC_001,2024-01-15T06:00:00+00:00,SKU_0026,STORE_003,True,0.9172
INV_0001879,INC_001,2024-01-15T06:00:00+00:00,SKU_0026,STORE_004,True,0.9342
INV_0001880,INC_001,2024-01-15T06:00:00+00:00,SKU_0026,STORE_005,True,0.9328
INV_0001881,INC_001,2024-01-15T06:00:00+00:00,SKU_0027,STORE_001,True,0.9483
INV_0001882,INC_001,2024-01-15T06:00:00+00:00,SKU_0027,STORE_002,True,0.9638
INV_0001883,INC_001,2024-01-15T06:00:00+00:00,SKU_0027,STORE_003,True,0.9434
INV_0001884,INC_001,2024-01-15T06:00:00+00:00,SKU_0027,STORE_004,True,0.9632
INV_0001885,INC_001,2024-01-15T06:00:00+00:00,SKU_0027,STORE_005,True,0.9229
INV_0001886,INC_001,2024-01-15T06:00:00+00:00,SKU_0028,STORE_001,True,0.9795
INV_0001887,INC_001,2024-01-15T06:00:00+00:00,SKU_0028,STORE_002,True,0.9617
INV_0001888,INC_001,2024-01-15T06:00:00+00:00,SKU_0028,STORE_003,True,0.9322
INV_0001889,INC_001,2024-01-15T06:00:00+00:00,SKU_0028,STORE_004,True,0.8843
INV_0001890,INC_001,2024-01-15T06:00:00+00:00,SKU_0028,STORE_005,True,0.959
INV_0001891,INC_001,2024-01-15T06:00:00+00:00,SKU_0029,STORE_001,True,0.9547
INV_0001892,INC_001,2024-01-15T06:00:00+00:00,SKU_0029,STORE_002,True,0.9404
INV_0001893,INC_001,2024-01-15T06:00:00+00:00,SKU_0029,STORE_003,True,0.9421
INV_0001894,INC_001,2024-01-15T06:00:00+00:00,SKU_0029,STORE_004,True,0.9365
INV_0001895,INC_001,2024-01-15T06:00:00+00:00,SKU_0029,STORE_005,True,0.918
INV_0001896,INC_001,2024-01-15T06:00:00+00:00,SKU_0030,STORE_001,True,0.9624
INV_0001897,INC_001,2024-01-15T06:00:00+00:00,SKU_0030,STORE_002,True,0.962
INV_0001898,INC_001,2024-01-15T06:00:00+00:00,SKU_0030,STORE_003,True,0.9478
INV_0001899,INC_001,2024-01-15T06:00:00+00:00,SKU_0030,STORE_004,True,0.9305
INV_0001900,INC_001,2024-01-15T06:00:00+00:00,SKU_0030,STORE_005,True,0.9285
INV_0001901,INC_001,2024-01-15T06:00:00+00:00,SKU_0031,STORE_001,True,0.9099
INV_0001902,INC_001,2024-01-15T06:00:00+00:00,SKU_0031,STORE_002,True,0.9626
INV_0001903,INC_001,2024-01-15T06:00:00+00:00,SKU_0031,STORE_003,True,0.9371
INV_0001904,INC_001,2024-01-15T06:00:00+00:00,SKU_0031,STORE_004,True,0.9624
INV_0001905,INC_001,2024-01-15T06:00:00+00:00,SKU_0031,STORE_005,True,0.947
INV_0001906,INC_001,2024-01-15T06:00:00+00:00,SKU_0032,STORE_001,True,0.9281
INV_0001907,INC_001,2024-01-15T06:00:00+00:00,SKU_0032,STORE_002,True,0.9171
INV_0001908,INC_001,2024-01-15T06:00:00+00:00,SKU_0032,STORE_003,True,0.9344
INV_0001909,INC_001,2024-01-15T06:00:00+00:00,SKU_0032,STORE_004,True,0.927
INV_0001910,INC_001,2024-01-15T06:00:00+00:00,SKU_0032,STORE_005,True,0.9631
INV_0001911,INC_001,2024-01-15T06:00:00+00:00,SKU_0033,STORE_001,True,0.9627
INV_0001912,INC_001,2024-01-15T06:00:00+00:00,SKU_0033,STORE_002,True,0.9377
INV_0001913,INC_001,2024-01-15T06:00:00+00:00,SKU_0033,STORE_003,True,0.9693
INV_0001914,INC_001,2024-01-15T06:00:00+00:00,SKU_0033,STORE_004,True,0.9392
INV_0001915,INC_001,2024-01-15T06:00:00+00:00,SKU_0033,STORE_005,True,0.9409
INV_0001916,INC_001,2024-01-15T06:00:00+00:00,SKU_0034,STORE_001,True,0.9345
INV_0001917,INC_001,2024-01-15T06:00:00+00:00,SKU_0034,STORE_002,True,0.9285
INV_0001918,INC_001,2024-01-15T06:00:00+00:00,SKU_0034,STORE_003,True,0.9782
INV_0001919,INC_001,2024-01-15T06:00:00+00:00,SKU_0034,STORE_004,True,0.9239
INV_0001920,INC_001,2024-01-15T06:00:00+00:00,SKU_0034,STORE_005,True,0.9139
INV_0001921,INC_001,2024-01-15T06:00:00+00:00,SKU_0035,STORE_001,True,0.954
INV_0001922,INC_001,2024-01-15T06:00:00+00:00,SKU_0035,STORE_002,True,0.9362
INV_0001923,INC_001,2024-01-15T06:00:00+00:00,SKU_0035,STORE_003,True,0.933
INV_0001924,INC_001,2024-01-15T06:00:00+00:00,SKU_0035,STORE_004,True,0.9536
INV_0001925,INC_001,2024-01-15T06:00:00+00:00,SKU_0035,STORE_005,True,0.9506
INV_0001926,INC_001,2024-01-15T06:00:00+00:00,SKU_0036,STORE_001,True,0.9611
INV_0001927,INC_001,2024-01-15T06:00:00+00:00,SKU_0036,STORE_002,True,0.9208
INV_0001928,INC_001,2024-01-15T06:00:00+00:00,SKU_0036,STORE_003,True,0.9332
INV_0001929,INC_001,2024-01-15T06:00:00+00:00,SKU_0036,STORE_004,True,0.9419
INV_0001930,INC_001,2024-01-15T06:00:00+00:00,SKU_0036,STORE_005,True,0.9684
INV_0001931,INC_001,2024-01-15T06:00:00+00:00,SKU_0037,STORE_001,True,0.9688
INV_0001932,INC_001,2024-01-15T06:00:00+00:00,SKU_0037,STORE_002,True,0.9064
INV_0001933,INC_001,2024-01-15T06:00:00+00:00,SKU_0037,STORE_003,True,0.951
INV_0001934,INC_001,2024-01-15T06:00:00+00:00,SKU_0037,STORE_004,True,0.9267
INV_0001935,INC_001,2024-01-15T06:00:00+00:00,SKU_0037,STORE_005,True,0.9625
INV_0001936,INC_001,2024-01-15T06:00:00+00:00,SKU_0038,STORE_001,True,0.9552
INV_0001937,INC_001,2024-01-15T06:00:00+00:00,SKU_0038,STORE_002,True,0.919
INV_0001938,INC_001,2024-01-15T06:00:00+00:00,SKU_0038,STORE_003,True,0.9278
INV_0001939,INC_001,2024-01-15T06:00:00+00:00,SKU_0038,STORE_004,True,0.9464
INV_0001940,INC_001,2024-01-15T06:00:00+00:00,SKU_0038,STORE_005,False,0.939
INV_0001941,INC_001,2024-01-15T06:00:00+00:00,SKU_0039,STORE_001,True,0.9089
INV_0001942,INC_001,2024-01-15T06:00:00+00:00,SKU_0039,STORE_002,True,0.9114
INV_0001943,INC_001,2024-01-15T06:00:00+00:00,SKU_0039,STORE_003,True,0.905
INV_0001944,INC_001,2024-01-15T06:00:00+00:00,SKU_0039,STORE_004,True,0.9709
INV_0001945,INC_001,2024-01-15T06:00:00+00:00,SKU_0039,STORE_005,True,0.9685
INV_0001946,INC_001,2024-01-15T06:00:00+00:00,SKU_0040,STORE_001,True,0.9195
INV_0001947,INC_001,2024-01-15T06:00:00+00:00,SKU_0040,STORE_002,True,0.9353
INV_0001948,INC_001,2024-01-15T06:00:00+00:00,SKU_0040,STORE_003,True,0.9663
INV_0001949,INC_001,2024-01-15T06:00:00+00:00,SKU_0040,STORE_004,True,0.9874
INV_0001950,INC_001,2024-01-15T06:00:00+00:00,SKU_0040,STORE_005,True,0.9535
INV_0001951,INC_001,2024-01-15T06:00:00+00:00,SKU_0041,STORE_001,True,0.9549
INV_0001952,INC_001,2024-01-15T06:00:00+00:00,SKU_0041,STORE_002,True,0.899
INV_0001953,INC_001,2024-01-15T06:00:00+00:00,SKU_0041,STORE_003,True,0.9235
INV_0001954,INC_001,2024-01-15T06:00:00+00:00,SKU_0041,STORE_004,True,0.9256
INV_0001955,INC_001,2024-01-15T06:00:00+00:00,SKU_0041,STORE_005,True,0.8772
INV_0001956,INC_001,2024-01-15T06:00:00+00:00,SKU_0042,STORE_001,True,0.9531
INV_0001957,INC_001,2024-01-15T06:00:00+00:00,SKU_0042,STORE_002,True,0.9729
INV_0001958,INC_001,2024-01-15T06:00:00+00:00,SKU_0042,STORE_003,True,0.9453
INV_0001959,INC_001,2024-01-15T06:00:00+00:00,SKU_0042,STORE_004,True,0.9264
INV_0001960,INC_001,2024-01-15T06:00:00+00:00,SKU_0042,STORE_005,True,0.9303
INV_0001961,INC_001,2024-01-15T06:00:00+00:00,SKU_0043,STORE_001,True,0.9578
INV_0001962,INC_001,2024-01-15T06:00:00+00:00,SKU_0043,STORE_002,True,0.9422
INV_0001963,INC_001,2024-01-15T06:00:00+00:00,SKU_0043,STORE_003,True,0.9588
INV_0001964,INC_001,2024-01-15T06:00:00+00:00,SKU_0043,STORE_004,True,0.9278
INV_0001965,INC_001,2024-01-15T06:00:00+00:00,SKU_0043,STORE_005,True,0.9654
INV_0001966,INC_001,2024-01-15T06:00:00+00:00,SKU_0044,STORE_001,True,0.976
INV_0001967,INC_001,2024-01-15T06:00:00+00:00,SKU_0044,STORE_002,True,0.9588
INV_0001968,INC_001,2024-01-15T06:00:00+00:00,SKU_0044,STORE_003,True,0.9257
INV_0001969,INC_001,2024-01-15T06:00:00+00:00,SKU_0044,STORE_004,True,0.9195
INV_0001970,INC_001,2024-01-15T06:00:00+00:00,SKU_0044,STORE_005,True,0.9152
INV_0001971,INC_001,2024-01-15T06:00:00+00:00,SKU_0045,STORE_001,True,0.9754
INV_0001972,INC_001,2024-01-15T06:00:00+00:00,SKU_0045,STORE_002,True,0.9225
INV_0001973,INC_001,2024-01-15T06:00:00+00:00,SKU_0045,STORE_003,False,0.9218
INV_0001974,INC_001,2024-01-15T06:00:00+00:00,SKU_0045,STORE_004,True,0.9193
INV_0001975,INC_001,2024-01-15T06:00:00+00:00,SKU_0045,STORE_005,True,0.9589
INV_0001976,INC_001,2024-01-15T06:00:00+00:00,SKU_0046,STORE_001,True,0.904
INV_0001977,INC_001,2024-01-15T06:00:00+00:00,SKU_0046,STORE_002,True,0.9395
INV_0001978,INC_001,2024-01-15T06:00:00+00:00,SKU_0046,STORE_003,True,0.9634
INV_0001979,INC_001,2024-01-15T06:00:00+00:00,SKU_0046,STORE_004,True,0.9923
INV_0001980,INC_001,2024-01-15T06:00:00+00:00,SKU_0046,STORE_005,True,0.9244
INV_0001981,INC_001,2024-01-15T06:00:00+00:00,SKU_0047,STORE_001,True,0.9421
INV_0001982,INC_001,2024-01-15T06:00:00+00:00,SKU_0047,STORE_002,True,0.9207
INV_0001983,INC_001,2024-01-15T06:00:00+00:00,SKU_0047,STORE_003,True,0.9573
INV_0001984,INC_001,2024-01-15T06:00:00+00:00,SKU_0047,STORE_004,True,0.9058
INV_0001985,INC_001,2024-01-15T06:00:00+00:00,SKU_0047,STORE_005,True,0.9232
INV_0001986,INC_001,2024-01-15T06:00:00+00:00,SKU_0048,STORE_001,True,0.9828
INV_0001987,INC_001,2024-01-15T06:00:00+00:00,SKU_0048,STORE_002,True,0.936
INV_0001988,INC_001,2024-01-15T06:00:00+00:00,SKU_0048,STORE_003,True,0.9616
INV_0001989,INC_001,2024-01-15T06:00:00+00:00,SKU_0048,STORE_004,True,0.9064
INV_0001990,INC_001,2024-01-15T06:00:00+00:00,SKU_0048,STORE_005,True,0.9502
INV_0001991,INC_001,2024-01-15T06:00:00+00:00,SKU_0049,STORE_001,True,0.9719
INV_0001992,INC_001,2024-01-15T06:00:00+00:00,SKU_0049,STORE_002,True,0.8957
INV_0001993,INC_001,2024-01-15T06:00:00+00:00,SKU_0049,STORE_003,True,0.9384
INV_0001994,INC_001,2024-01-15T06:00:00+00:00,SKU_0049,STORE_004,True,0.9175
INV_0001995,INC_001,2024-01-15T06:00:00+00:00,SKU_0049,STORE_005,True,0.9505
INV_0001996,INC_001,2024-01-15T06:00:00+00:00,SKU_0050,STORE_001,False,0.9531
INV_0001997,INC_001,2024-01-15T06:00:00+00:00,SKU_0050,STORE_002,True,0.9219
INV_0001998,INC_001,2024-01-15T06:00:00+00:00,SKU_0050,STORE_003,True,0.9199
INV_0001999,INC_001,2024-01-15T06:00:00+00:00,SKU_0050,STORE_004,False,0.9309
INV_0002000,INC_001,2024-01-15T06:00:00+00:00,SKU_0050,STORE_005,True,0.9334
INV_0002001,INC_001,2024-01-16T06:00:00+00:00,SKU_0001,STORE_001,True,0.924
INV_0002002,INC_001,2024-01-16T06:00:00+00:00,SKU_0001,STORE_002,True,0.9554
INV_0002003,INC_001,2024-01-16T06:00:00+00:00,SKU_0001,STORE_003,True,0.9465
INV_0002004,INC_001,2024-01-16T06:00:00+00:00,SKU_0001,STORE_004,True,0.9204
INV_0002005,INC_001,2024-01-16T06:00:00+00:00,SKU_0001,STORE_005,True,0.9284
INV_0002006,INC_001,2024-01-16T06:00:00+00:00,SKU_0002,STORE_001,True,0.96
INV_0002007,INC_001,2024-01-16T06:00:00+00:00,SKU_0002,STORE_002,True,0.9214
INV_0002008,INC_001,2024-01-16T06:00:00+00:00,SKU_0002,STORE_003,True,0.9562
INV_0002009,INC_001,2024-01-16T06:00:00+00:00,SKU_0002,STORE_004,True,0.9504
INV_0002010,INC_001,2024-01-16T06:00:00+00:00,SKU_0002,STORE_005,True,0.9385
INV_0002011,INC_001,2024-01-16T06:00:00+00:00,SKU_0003,STORE_001,True,0.9321
INV_0002012,INC_001,2024-01-16T06:00:00+00:00,SKU_0003,STORE_002,True,0.9628
INV_0002013,INC_001,2024-01-16T06:00:00+00:00,SKU_0003,STORE_003,True,0.9595
INV_0002014,INC_001,2024-01-16T06:00:00+00:00,SKU_0003,STORE_004,True,0.9703
INV_0002015,INC_001,2024-01-16T06:00:00+00:00,SKU_0003,STORE_005,True,0.9507
INV_0002016,INC_001,2024-01-16T06:00:00+00:00,SKU_0004,STORE_001,True,0.9663
INV_0002017,INC_001,2024-01-16T06:00:00+00:00,SKU_0004,STORE_002,True,0.9735
INV_0002018,INC_001,2024-01-16T06:00:00+00:00,SKU_0004,STORE_003,False,0.9688
INV_0002019,INC_001,2024-01-16T06:00:00+00:00,SKU_0004,STORE_004,True,0.962
INV_0002020,INC_001,2024-01-16T06:00:00+00:00,SKU_0004,STORE_005,True,0.9216
INV_0002021,INC_001,2024-01-16T06:00:00+00:00,SKU_0005,STORE_001,True,0.9111
INV_0002022,INC_001,2024-01-16T06:00:00+00:00,SKU_0005,STORE_002,True,0.9449
INV_0002023,INC_001,2024-01-16T06:00:00+00:00,SKU_0005,STORE_003,True,0.873
INV_0002024,INC_001,2024-01-16T06:00:00+00:00,SKU_0005,STORE_004,True,0.9293
INV_0002025,INC_001,2024-01-16T06:00:00+00:00,SKU_0005,STORE_005,True,0.9287
INV_0002026,INC_001,2024-01-16T06:00:00+00:00,SKU_0006,STORE_001,True,0.9504
INV_0002027,INC_001,2024-01-16T06:00:00+00:00,SKU_0006,STORE_002,True,0.9118
INV_0002028,INC_001,2024-01-16T06:00:00+00:00,SKU_0006,STORE_003,True,0.9507
INV_0002029,INC_001,2024-01-16T06:00:00+00:00,SKU_0006,STORE_004,True,0.911
INV_0002030,INC_001,2024-01-16T06:00:00+00:00,SKU_0006,STORE_005,True,0.9062
INV_0002031,INC_001,2024-01-16T06:00:00+00:00,SKU_0007,STORE_001,True,0.9878
INV_0002032,INC_001,2024-01-16T06:00:00+00:00,SKU_0007,STORE_002,False,0.9115
INV_0002033,INC_001,2024-01-16T06:00:00+00:00,SKU_0007,STORE_003,True,0.923
INV_0002034,INC_001,2024-01-16T06:00:00+00:00,SKU_0007,STORE_004,True,0.941
INV_0002035,INC_001,2024-01-16T06:00:00+00:00,SKU_0007,STORE_005,True,0.9296
INV_0002036,INC_001,2024-01-16T06:00:00+00:00,SKU_0008,STORE_001,True,0.9129
INV_0002037,INC_001,2024-01-16T06:00:00+00:00,SKU_0008,STORE_002,True,0.9594
INV_0002038,INC_001,2024-01-16T06:00:00+00:00,SKU_0008,STORE_003,True,0.9241
INV_0002039,INC_001,2024-01-16T06:00:00+00:00,SKU_0008,STORE_004,True,0.9528
INV_0002040,INC_001,2024-01-16T06:00:00+00:00,SKU_0008,STORE_005,True,0.9298
INV_0002041,INC_001,2024-01-16T06:00:00+00:00,SKU_0009,STORE_001,True,0.949
INV_0002042,INC_001,2024-01-16T06:00:00+00:00,SKU_0009,STORE_002,True,0.9458
INV_0002043,INC_001,2024-01-16T06:00:00+00:00,SKU_0009,STORE_003,True,0.9451
INV_0002044,INC_001,2024-01-16T06:00:00+00:00,SKU_0009,STORE_004,True,0.9146
INV_0002045,INC_001,2024-01-16T06:00:00+00:00,SKU_0009,STORE_005,True,0.9163
INV_0002046,INC_001,2024-01-16T06:00:00+00:00,SKU_0010,STORE_001,True,0.9812
INV_0002047,INC_001,2024-01-16T06:00:00+00:00,SKU_0010,STORE_002,True,0.932
INV_0002048,INC_001,2024-01-16T06:00:00+00:00,SKU_0010,STORE_003,True,0.9319
INV_0002049,INC_001,2024-01-16T06:00:00+00:00,SKU_0010,STORE_004,True,0.9467
INV_0002050,INC_001,2024-01-16T06:00:00+00:00,SKU_0010,STORE_005,True,0.9524
INV_0002051,INC_001,2024-01-16T06:00:00+00:00,SKU_0011,STORE_001,True,0.9448
INV_0002052,INC_001,2024-01-16T06:00:00+00:00,SKU_0011,STORE_002,True,0.9368
INV_0002053,INC_001,2024-01-16T06:00:00+00:00,SKU_0011,STORE_003,True,0.9244
INV_0002054,INC_001,2024-01-16T06:00:00+00:00,SKU_0011,STORE_004,True,0.8919
INV_0002055,INC_001,2024-01-16T06:00:00+00:00,SKU_0011,STORE_005,True,0.9704
INV_0002056,INC_001,2024-01-16T06:00:00+00:00,SKU_0012,STORE_001,True,0.9404
INV_0002057,INC_001,2024-01-16T06:00:00+00:00,SKU_0012,STORE_002,True,0.8911
INV_0002058,INC_001,2024-01-16T06:00:00+00:00,SKU_0012,STORE_003,True,0.9686
INV_0002059,INC_001,2024-01-16T06:00:00+00:00,SKU_0012,STORE_004,True,0.984
INV_0002060,INC_001,2024-01-16T06:00:00+00:00,SKU_0012,STORE_005,True,0.9344
INV_0002061,INC_001,2024-01-16T06:00:00+00:00,SKU_0013,STORE_001,True,0.922
INV_0002062,INC_001,2024-01-16T06:00:00+00:00,SKU_0013,STORE_002,True,0.9551
INV_0002063,INC_001,2024-01-16T06:00:00+00:00,SKU_0013,STORE_003,True,0.9586
INV_0002064,INC_001,2024-01-16T06:00:00+00:00,SKU_0013,STORE_004,True,0.9549
INV_0002065,INC_001,2024-01-16T06:00:00+00:00,SKU_0013,STORE_005,True,0.9335
INV_0002066,INC_001,2024-01-16T06:00:00+00:00,SKU_0014,STORE_001,True,0.9342
INV_0002067,INC_001,2024-01-16T06:00:00+00:00,SKU_0014,STORE_002,True,0.9743
INV_0002068,INC_001,2024-01-16T06:00:00+00:00,SKU_0014,STORE_003,True,0.9534
INV_0002069,INC_001,2024-01-16T06:00:00+00:00,SKU_0014,STORE_004,True,0.9598
INV_0002070,INC_001,2024-01-16T06:00:00+00:00,SKU_0014,STORE_005,True,0.9413
INV_0002071,INC_001,2024-01-16T06:00:00+00:00,SKU_0015,STORE_001,True,0.9449
INV_0002072,INC_001,2024-01-16T06:00:00+00:00,SKU_0015,STORE_002,True,0.9127
INV_0002073,INC_001,2024-01-16T06:00:00+00:00,SKU_0015,STORE_003,True,0.9165
INV_0002074,INC_001,2024-01-16T06:00:00+00:00,SKU_0015,STORE_004,True,0.9157
INV_0002075,INC_001,2024-01-16T06:00:00+00:00,SKU_0015,STORE_005,False,0.9751
INV_0002076,INC_001,2024-01-16T06:00:00+00:00,SKU_0016,STORE_001,True,0.9482
INV_0002077,INC_001,2024-01-16T06:00:00+00:00,SKU_0016,STORE_002,True,0.9481
INV_0002078,INC_001,2024-01-16T06:00:00+00:00,SKU_0016,STORE_003,True,0.9421
INV_0002079,INC_001,2024-01-16T06:00:00+00:00,SKU_0016,STORE_004,True,0.9356
INV_0002080,INC_001,2024-01-16T06:00:00+00:00,SKU_0016,STORE_005,True,0.8999
INV_0002081,INC_001,2024-01-16T06:00:00+00:00,SKU_0017,STORE_001,True,0.9164
INV_0002082,INC_001,2024-01-16T06:00:00+00:00,SKU_0017,STORE_002,True,0.9482
INV_0002083,INC_001,2024-01-16T06:00:00+00:00,SKU_0017,STORE_003,True,0.9163
INV_0002084,INC_001,2024-01-16T06:00:00+00:00,SKU_0017,STORE_004,True,0.9472
INV_0002085,INC_001,2024-01-16T06:00:00+00:00,SKU_0017,STORE_005,True,0.9308
INV_0002086,INC_001,2024-01-16T06:00:00+00:00,SKU_0018,STORE_001,True,0.9683
INV_0002087,INC_001,2024-01-16T06:00:00+00:00,SKU_0018,STORE_002,True,0.9469
INV_0002088,INC_001,2024-01-16T06:00:00+00:00,SKU_0018,STORE_003,True,0.9519
INV_0002089,INC_001,2024-01-16T06:00:00+00:00,SKU_0018,STORE_004,True,0.9617
INV_0002090,INC_001,2024-01-16T06:00:00+00:00,SKU_0018,STORE_005,True,0.9833
INV_0002091,INC_001,2024-01-16T06:00:00+00:00,SKU_0019,STORE_001,True,0.9443
INV_0002092,INC_001,2024-01-16T06:00:00+00:00,SKU_0019,STORE_002,False,0.9338
INV_0002093,INC_001,2024-01-16T06:00:00+00:00,SKU_0019,STORE_003,True,0.9446
INV_0002094,INC_001,2024-01-16T06:00:00+00:00,SKU_0019,STORE_004,False,0.9353
INV_0002095,INC_001,2024-01-16T06:00:00+00:00,SKU_0019,STORE_005,True,0.9415
INV_0002096,INC_001,2024-01-16T06:00:00+00:00,SKU_0020,STORE_001,True,0.9477
INV_0002097,INC_001,2024-01-16T06:00:00+00:00,SKU_0020,STORE_002,True,0.9459
INV_0002098,INC_001,2024-01-16T06:00:00+00:00,SKU_0020,STORE_003,True,0.9072
INV_0002099,INC_001,2024-01-16T06:00:00+00:00,SKU_0020,STORE_004,True,0.9491
INV_0002100,INC_001,2024-01-16T06:00:00+00:00,SKU_0020,STORE_005,True,0.9555
INV_0002101,INC_001,2024-01-16T06:00:00+00:00,SKU_0021,STORE_001,True,0.9695
INV_0002102,INC_001,2024-01-16T06:00:00+00:00,SKU_0021,STORE_002,True,0.9369
INV_0002103,INC_001,2024-01-16T06:00:00+00:00,SKU_0021,STORE_003,True,0.9247
INV_0002104,INC_001,2024-01-16T06:00:00+00:00,SKU_0021,STORE_004,True,0.9137
INV_0002105,INC_001,2024-01-16T06:00:00+00:00,SKU_0021,STORE_005,True,0.945
INV_0002106,INC_001,2024-01-16T06:00:00+00:00,SKU_0022,STORE_001,True,0.9388
INV_0002107,INC_001,2024-01-16T06:00:00+00:00,SKU_0022,STORE_002,True,0.9033
INV_0002108,INC_001,2024-01-16T06:00:00+00:00,SKU_0022,STORE_003,True,0.9519
INV_0002109,INC_001,2024-01-16T06:00:00+00:00,SKU_0022,STORE_004,True,0.9467
INV_0002110,INC_001,2024-01-16T06:00:00+00:00,SKU_0022,STORE_005,True,0.9165
INV_0002111,INC_001,2024-01-16T06:00:00+00:00,SKU_0023,STORE_001,True,0.8831
INV_0002112,INC_001,2024-01-16T06:00:00+00:00,SKU_0023,STORE_002,True,0.9549
INV_0002113,INC_001,2024-01-16T06:00:00+00:00,SKU_0023,STORE_003,True,0.9035
INV_0002114,INC_001,2024-01-16T06:00:00+00:00,SKU_0023,STORE_004,False,0.9244
INV_0002115,INC_001,2024-01-16T06:00:00+00:00,SKU_0023,STORE_005,True,0.941
INV_0002116,INC_001,2024-01-16T06:00:00+00:00,SKU_0024,STORE_001,True,0.9593
INV_0002117,INC_001,2024-01-16T06:00:00+00:00,SKU_0024,STORE_002,True,0.901
INV_0002118,INC_001,2024-01-16T06:00:00+00:00,SKU_0024,STORE_003,True,0.964
INV_0002119,INC_001,2024-01-16T06:00:00+00:00,SKU_0024,STORE_004,True,0.9288
INV_0002120,INC_001,2024-01-16T06:00:00+00:00,SKU_0024,STORE_005,True,0.9434
INV_0002121,INC_001,2024-01-16T06:00:00+00:00,SKU_0025,STORE_001,True,0.9322
INV_0002122,INC_001,2024-01-16T06:00:00+00:00,SKU_0025,STORE_002,True,0.9312
INV_0002123,INC_001,2024-01-16T06:00:00+00:00,SKU_0025,STORE_003,True,0.9441
INV_0002124,INC_001,2024-01-16T06:00:00+00:00,SKU_0025,STORE_004,True,0.9153
INV_0002125,INC_001,2024-01-16T06:00:00+00:00,SKU_0025,STORE_005,True,0.9241
INV_0002126,INC_001,2024-01-16T06:00:00+00:00,SKU_0026,STORE_001,True,0.9383
INV_0002127,INC_001,2024-01-16T06:00:00+00:00,SKU_0026,STORE_002,True,0.9394
INV_0002128,INC_001,2024-01-16T06:00:00+00:00,SKU_0026,STORE_003,True,0.9302
INV_0002129,INC_001,2024-01-16T06:00:00+00:00,SKU_0026,STORE_004,True,0.9587
INV_0002130,INC_001,2024-01-16T06:00:00+00:00,SKU_0026,STORE_005,True,0.9769
INV_0002131,INC_001,2024-01-16T06:00:00+00:00,SKU_0027,STORE_001,True,0.929
INV_0002132,INC_001,2024-01-16T06:00:00+00:00,SKU_0027,STORE_002,True,0.9626
INV_0002133,INC_001,2024-01-16T06:00:00+00:00,SKU_0027,STORE_003,True,0.9263
INV_0002134,INC_001,2024-01-16T06:00:00+00:00,SKU_0027,STORE_004,True,0.9525
INV_0002135,INC_001,2024-01-16T06:00:00+00:00,SKU_0027,STORE_005,True,0.9762
INV_0002136,INC_001,2024-01-16T06:00:00+00:00,SKU_0028,STORE_001,True,0.9506
INV_0002137,INC_001,2024-01-16T06:00:00+00:00,SKU_0028,STORE_002,True,0.9258
INV_0002138,INC_001,2024-01-16T06:00:00+00:00,SKU_0028,STORE_003,False,0.8985
INV_0002139,INC_001,2024-01-16T06:00:00+00:00,SKU_0028,STORE_004,True,0.9487
INV_0002140,INC_001,2024-01-16T06:00:00+00:00,SKU_0028,STORE_005,True,0.9249
INV_0002141,INC_001,2024-01-16T06:00:00+00:00,SKU_0029,STORE_001,True,0.9557
INV_0002142,INC_001,2024-01-16T06:00:00+00:00,SKU_0029,STORE_002,True,0.9345
INV_0002143,INC_001,2024-01-16T06:00:00+00:00,SKU_0029,STORE_003,True,0.9411
INV_0002144,INC_001,2024-01-16T06:00:00+00:00,SKU_0029,STORE_004,True,0.9848
INV_0002145,INC_001,2024-01-16T06:00:00+00:00,SKU_0029,STORE_005,True,0.937
INV_0002146,INC_001,2024-01-16T06:00:00+00:00,SKU_0030,STORE_001,True,0.9263
INV_0002147,INC_001,2024-01-16T06:00:00+00:00,SKU_0030,STORE_002,True,0.9291
INV_0002148,INC_001,2024-01-16T06:00:00+00:00,SKU_0030,STORE_003,True,0.8971
INV_0002149,INC_001,2024-01-16T06:00:00+00:00,SKU_0030,STORE_004,True,0.9409
INV_0002150,INC_001,2024-01-16T06:00:00+00:00,SKU_0030,STORE_005,True,0.9658
INV_0002151,INC_001,2024-01-16T06:00:00+00:00,SKU_0031,STORE_001,True,0.9338
INV_0002152,INC_001,2024-01-16T06:00:00+00:00,SKU_0031,STORE_002,True,0.9103
INV_0002153,INC_001,2024-01-16T06:00:00+00:00,SKU_0031,STORE_003,True,0.9594
INV_0002154,INC_001,2024-01-16T06:00:00+00:00,SKU_0031,STORE_004,False,0.9254
INV_0002155,INC_001,2024-01-16T06:00:00+00:00,SKU_0031,STORE_005,True,0.9292
INV_0002156,INC_001,2024-01-16T06:00:00+00:00,SKU_0032,STORE_001,True,0.949
INV_0002157,INC_001,2024-01-16T06:00:00+00:00,SKU_0032,STORE_002,False,0.9344
INV_0002158,INC_001,2024-01-16T06:00:00+00:00,SKU_0032,STORE_003,False,0.9055
INV_0002159,INC_001,2024-01-16T06:00:00+00:00,SKU_0032,STORE_004,True,0.9227
INV_0002160,INC_001,2024-01-16T06:00:00+00:00,SKU_0032,STORE_005,True,0.9279
INV_0002161,INC_001,2024-01-16T06:00:00+00:00,SKU_0033,STORE_001,True,0.94
INV_0002162,INC_001,2024-01-16T06:00:00+00:00,SKU_0033,STORE_002,True,0.9403
INV_0002163,INC_001,2024-01-16T06:00:00+00:00,SKU_0033,STORE_003,True,0.9283
INV_0002164,INC_001,2024-01-16T06:00:00+00:00,SKU_0033,STORE_004,True,0.9118
INV_0002165,INC_001,2024-01-16T06:00:00+00:00,SKU_0033,STORE_005,False,0.9381
INV_0002166,INC_001,2024-01-16T06:00:00+00:00,SKU_0034,STORE_001,True,0.9327
INV_0002167,INC_001,2024-01-16T06:00:00+00:00,SKU_0034,STORE_002,True,0.9579
INV_0002168,INC_001,2024-01-16T06:00:00+00:00,SKU_0034,STORE_003,True,0.9284
INV_0002169,INC_001,2024-01-16T06:00:00+00:00,SKU_0034,STORE_004,True,0.9358
INV_0002170,INC_001,2024-01-16T06:00:00+00:00,SKU_0034,STORE_005,True,0.959
INV_0002171,INC_001,2024-01-16T06:00:00+00:00,SKU_0035,STORE_001,True,0.9355
INV_0002172,INC_001,2024-01-16T06:00:00+00:00,SKU_0035,STORE_002,True,0.9193
INV_0002173,INC_001,2024-01-16T06:00:00+00:00,SKU_0035,STORE_003,True,0.925
INV_0002174,INC_001,2024-01-16T06:00:00+00:00,SKU_0035,STORE_004,True,0.9381
INV_0002175,INC_001,2024-01-16T06:00:00+00:00,SKU_0035,STORE_005,True,0.9197
INV_0002176,INC_001,2024-01-16T06:00:00+00:00,SKU_0036,STORE_001,True,0.9223
INV_0002177,INC_001,2024-01-16T06:00:00+00:00,SKU_0036,STORE_002,True,0.9341
INV_0002178,INC_001,2024-01-16T06:00:00+00:00,SKU_0036,STORE_003,True,0.9538
INV_0002179,INC_001,2024-01-16T06:00:00+00:00,SKU_0036,STORE_004,True,0.9446
INV_0002180,INC_001,2024-01-16T06:00:00+00:00,SKU_0036,STORE_005,True,0.975
INV_0002181,INC_001,2024-01-16T06:00:00+00:00,SKU_0037,STORE_001,True,0.9029
INV_0002182,INC_001,2024-01-16T06:00:00+00:00,SKU_0037,STORE_002,True,0.9829
INV_0002183,INC_001,2024-01-16T06:00:00+00:00,SKU_0037,STORE_003,True,0.9418
INV_0002184,INC_001,2024-01-16T06:00:00+00:00,SKU_0037,STORE_004,False,0.9676
INV_0002185,INC_001,2024-01-16T06:00:00+00:00,SKU_0037,STORE_005,False,0.9557
INV_0002186,INC_001,2024-01-16T06:00:00+00:00,SKU_0038,STORE_001,True,0.9036
INV_0002187,INC_001,2024-01-16T06:00:00+00:00,SKU_0038,STORE_002,True,0.9722
INV_0002188,INC_001,2024-01-16T06:00:00+00:00,SKU_0038,STORE_003,True,0.9298
INV_0002189,INC_001,2024-01-16T06:00:00+00:00,SKU_0038,STORE_004,True,0.9116
INV_0002190,INC_001,2024-01-16T06:00:00+00:00,SKU_0038,STORE_005,True,0.9577
INV_0002191,INC_001,2024-01-16T06:00:00+00:00,SKU_0039,STORE_001,False,0.885
INV_0002192,INC_001,2024-01-16T06:00:00+00:00,SKU_0039,STORE_002,True,0.9343
INV_0002193,INC_001,2024-01-16T06:00:00+00:00,SKU_0039,STORE_003,True,0.9317
INV_0002194,INC_001,2024-01-16T06:00:00+00:00,SKU_0039,STORE_004,True,0.9491
INV_0002195,INC_001,2024-01-16T06:00:00+00:00,SKU_0039,STORE_005,True,0.9449
INV_0002196,INC_001,2024-01-16T06:00:00+00:00,SKU_0040,STORE_001,True,0.9153
INV_0002197,INC_001,2024-01-16T06:00:00+00:00,SKU_0040,STORE_002,True,0.9624
INV_0002198,INC_001,2024-01-16T06:00:00+00:00,SKU_0040,STORE_003,True,0.9352
INV_0002199,INC_001,2024-01-16T06:00:00+00:00,SKU_0040,STORE_004,True,0.9294
INV_0002200,INC_001,2024-01-16T06:00:00+00:00,SKU_0040,STORE_005,True,0.9371
INV_0002201,INC_001,2024-01-16T06:00:00+00:00,SKU_0041,STORE_001,True,0.9479
INV_0002202,INC_001,2024-01-16T06:00:00+00:00,SKU_0041,STORE_002,True,0.952
INV_0002203,INC_001,2024-01-16T06:00:00+00:00,SKU_0041,STORE_003,True,0.9619
INV_0002204,INC_001,2024-01-16T06:00:00+00:00,SKU_0041,STORE_004,True,0.9442
INV_0002205,INC_001,2024-01-16T06:00:00+00:00,SKU_0041,STORE_005,True,0.9397
INV_0002206,INC_001,2024-01-16T06:00:00+00:00,SKU_0042,STORE_001,True,0.9722
INV_0002207,INC_001,2024-01-16T06:00:00+00:00,SKU_0042,STORE_002,True,0.9301
INV_0002208,INC_001,2024-01-16T06:00:00+00:00,SKU_0042,STORE_003,True,0.9616
INV_0002209,INC_001,2024-01-16T06:00:00+00:00,SKU_0042,STORE_004,True,0.9212
INV_0002210,INC_001,2024-01-16T06:00:00+00:00,SKU_0042,STORE_005,True,0.9326
INV_0002211,INC_001,2024-01-16T06:00:00+00:00,SKU_0043,STORE_001,True,0.9225
INV_0002212,INC_001,2024-01-16T06:00:00+00:00,SKU_0043,STORE_002,True,0.9497
INV_0002213,INC_001,2024-01-16T06:00:00+00:00,SKU_0043,STORE_003,False,0.9479
INV_0002214,INC_001,2024-01-16T06:00:00+00:00,SKU_0043,STORE_004,True,0.943
INV_0002215,INC_001,2024-01-16T06:00:00+00:00,SKU_0043,STORE_005,True,0.9152
INV_0002216,INC_001,2024-01-16T06:00:00+00:00,SKU_0044,STORE_001,True,0.9004
INV_0002217,INC_001,2024-01-16T06:00:00+00:00,SKU_0044,STORE_002,True,0.9455
INV_0002218,INC_001,2024-01-16T06:00:00+00:00,SKU_0044,STORE_003,True,0.9576
INV_0002219,INC_001,2024-01-16T06:00:00+00:00,SKU_0044,STORE_004,True,0.9457
INV_0002220,INC_001,2024-01-16T06:00:00+00:00,SKU_0044,STORE_005,True,0.9163
INV_0002221,INC_001,2024-01-16T06:00:00+00:00,SKU_0045,STORE_001,True,0.9406
INV_0002222,INC_001,2024-01-16T06:00:00+00:00,SKU_0045,STORE_002,True,0.9483
INV_0002223,INC_001,2024-01-16T06:00:00+00:00,SKU_0045,STORE_003,True,0.948
INV_0002224,INC_001,2024-01-16T06:00:00+00:00,SKU_0045,STORE_004,True,0.9616
INV_0002225,INC_001,2024-01-16T06:00:00+00:00,SKU_0045,STORE_005,True,0.9139
INV_0002226,INC_001,2024-01-16T06:00:00+00:00,SKU_0046,STORE_001,True,0.9685
INV_0002227,INC_001,2024-01-16T06:00:00+00:00,SKU_0046,STORE_002,True,0.9289
INV_0002228,INC_001,2024-01-16T06:00:00+00:00,SKU_0046,STORE_003,True,0.9154
INV_0002229,INC_001,2024-01-16T06:00:00+00:00,SKU_0046,STORE_004,True,0.9552
INV_0002230,INC_001,2024-01-16T06:00:00+00:00,SKU_0046,STORE_005,True,0.9472
INV_0002231,INC_001,2024-01-16T06:00:00+00:00,SKU_0047,STORE_001,True,0.9503
INV_0002232,INC_001,2024-01-16T06:00:00+00:00,SKU_0047,STORE_002,True,0.9457
INV_0002233,INC_001,2024-01-16T06:00:00+00:00,SKU_0047,STORE_003,True,0.9316
INV_0002234,INC_001,2024-01-16T06:00:00+00:00,SKU_0047,STORE_004,True,0.9161
INV_0002235,INC_001,2024-01-16T06:00:00+00:00,SKU_0047,STORE_005,True,0.954
INV_0002236,INC_001,2024-01-16T06:00:00+00:00,SKU_0048,STORE_001,True,0.9402
INV_0002237,INC_001,2024-01-16T06:00:00+00:00,SKU_0048,STORE_002,True,0.9513
INV_0002238,INC_001,2024-01-16T06:00:00+00:00,SKU_0048,STORE_003,True,0.9373
INV_0002239,INC_001,2024-01-16T06:00:00+00:00,SKU_0048,STORE_004,True,0.9466
INV_0002240,INC_001,2024-01-16T06:00:00+00:00,SKU_0048,STORE_005,True,0.9616
INV_0002241,INC_001,2024-01-16T06:00:00+00:00,SKU_0049,STORE_001,True,0.9251
INV_0002242,INC_001,2024-01-16T06:00:00+00:00,SKU_0049,STORE_002,True,0.9372
INV_0002243,INC_001,2024-01-16T06:00:00+00:00,SKU_0049,STORE_003,True,0.9347
INV_0002244,INC_001,2024-01-16T06:00:00+00:00,SKU_0049,STORE_004,True,0.9104
INV_0002245,INC_001,2024-01-16T06:00:00+00:00,SKU_0049,STORE_005,True,0.949
INV_0002246,INC_001,2024-01-16T06:00:00+00:00,SKU_0050,STORE_001,True,0.9418
INV_0002247,INC_001,2024-01-16T06:00:00+00:00,SKU_0050,STORE_002,True,0.8914
INV_0002248,INC_001,2024-01-16T06:00:00+00:00,SKU_0050,STORE_003,True,0.9444
INV_0002249,INC_001,2024-01-16T06:00:00+00:00,SKU_0050,STORE_004,True,0.9429
INV_0002250,INC_001,2024-01-16T06:00:00+00:00,SKU_0050,STORE_005,True,0.9472
