ticket_id,scenario_id,ts,store_id,device,message,category
TKT_0000001,INC_001,2024-01-08T00:30:47+00:00,STORE_003,desktop,Customer enquiry — general,general
TKT_0000002,INC_001,2024-01-08T00:50:29+00:00,STORE_004,desktop,Customer enquiry — general,general
TKT_0000003,INC_001,2024-01-08T00:49:18+00:00,STORE_001,ios,Customer enquiry — stock,stock
TKT_0000004,INC_001,2024-01-08T00:17:18+00:00,STORE_002,ios,Customer enquiry — returns,returns
TKT_0000005,INC_001,2024-01-08T00:54:07+00:00,STORE_003,ios,Customer enquiry — general,general
TKT_0000006,INC_001,2024-01-08T00:00:23+00:00,STORE_001,ios,Customer enquiry — general,general
TKT_0000007,INC_001,2024-01-08T01:54:08+00:00,STORE_005,ios,Customer enquiry — returns,returns
TKT_0000008,INC_001,2024-01-08T01:08:57+00:00,STORE_004,desktop,Customer enquiry — stock,stock
TKT_0000009,INC_001,2024-01-08T01:38:55+00:00,STORE_004,ios,Customer enquiry — returns,returns
TKT_0000010,INC_001,2024-01-08T01:14:50+00:00,STORE_005,desktop,Customer enquiry — stock,stock
TKT_0000011,INC_001,2024-01-08T01:37:48+00:00,STORE_001,android,Customer enquiry — general,general
TKT_0000012,INC_001,2024-01-08T01:10:11+00:00,STORE_001,android,Customer enquiry — general,general
TKT_0000013,INC_001,2024-01-08T01:25:37+00:00,STORE_002,desktop,Customer enquiry — general,general
TKT_0000014,INC_001,2024-01-08T01:35:30+00:00,STORE_003,desktop,Customer enquiry — general,general
TKT_0000015,INC_001,2024-01-08T01:33:40+00:00,STORE_004,ios,Customer enquiry — general,general
TKT_0000016,INC_001,2024-01-08T02:20:34+00:00,STORE_003,ios,Customer enquiry — returns,returns
TKT_0000017,INC_001,2024-01-08T02:57:52+00:00,STORE_003,android,Customer enquiry — returns,returns
TKT_0000018,INC_001,2024-01-08T02:43:46+00:00,STORE_001,ios,Customer enquiry — stock,stock
TKT_0000019,INC_001,2024-01-08T02:41:40+00:00,STORE_001,desktop,Customer enquiry — returns,returns
TKT_0000020,INC_001,2024-01-08T03:03:39+00:00,STORE_002,ios,Customer enquiry — returns,returns
TKT_0000021,INC_001,2024-01-08T03:01:33+00:00,STORE_005,android,Customer enquiry — stock,stock
TKT_0000022,INC_001,2024-01-08T03:33:52+00:00,STORE_003,desktop,Customer enquiry — general,general
TKT_0000023,INC_001,2024-01-08T04:46:12+00:00,STORE_001,ios,Customer enquiry — general,general
TKT_0000024,INC_001,2024-01-08T04:11:15+00:00,STORE_001,android,Customer enquiry — returns,returns
TKT_0000025,INC_001,2024-01-08T04:10:33+00:00,STORE_004,android,Customer enquiry — returns,returns
TKT_0000026,INC_001,2024-01-08T04:16:06+00:00,STORE_004,android,Customer enquiry — returns,returns
TKT_0000027,INC_001,2024-01-08T04:28:20+00:00,STORE_001,ios,Customer enquiry — general,general
TKT_0000028,INC_001,2024-01-08T04:47:16+00:00,STORE_005,android,Customer enquiry — returns,returns
TKT_0000029,INC_001,2024-01-08T05:42:23+00:00,STORE_004,android,Customer enquiry — stock,stock
TKT_0000030,INC_001,2024-01-08T05:41:56+00:00,STORE_004,ios,Customer enquiry — stock,stock
TKT_0000031,INC_001,2024-01-08T05:09:36+00:00,STORE_002,desktop,Customer enquiry — general,general
TKT_0000032,INC_001,2024-01-08T05:03:43+00:00,STORE_005,android,Customer enquiry — returns,returns
TKT_0000033,INC_001,2024-01-08T05:14:54+00:00,STORE_003,desktop,Customer enquiry — stock,stock
TKT_0000034,INC_001,2024-01-08T05:51:08+00:00,STORE_003,desktop,Customer enquiry — stock,stock
TKT_0000035,INC_001,2024-01-08T06:57:10+00:00,STORE_005,android,Customer enquiry — returns,returns
TKT_0000036,INC_001,2024-01-08T06:14:07+00:00,STORE_004,ios,Customer enquiry — returns,returns
TKT_0000037,INC_001,2024-01-08T06:36:37+00:00,STORE_003,ios,Customer enquiry — general,general
TKT_0000038,INC_001,2024-01-08T06:55:32+00:00,STORE_005,ios,Customer enquiry — returns,returns
TKT_0000039,INC_001,2024-01-08T06:30:29+00:00,STORE_003,ios,Customer enquiry — stock,stock
TKT_0000040,INC_001,2024-01-08T06:13:35+00:00,STORE_005,desktop,Customer enquiry — stock,stock
TKT_0000041,INC_001,2024-01-08T07:23:25+00:00,STORE_001,desktop,Customer enquiry — general,general
TKT_0000042,INC_001,2024-01-08T07:54:53+00:00,STORE_003,ios,Customer enquiry — returns,returns
TKT_0000043,INC_001,2024-01-08T07:40:01+00:00,STORE_002,desktop,Customer enquiry — general,general
TKT_0000044,INC_001,2024-01-08T07:02:42+00:00,STORE_002,desktop,Customer enquiry — returns,returns
TKT_0000045,INC_001,2024-01-08T07:18:20+00:00,STORE_003,android,Customer enquiry — stock,stock
TKT_0000046,INC_001,2024-01-08T08:07:33+00:00,STORE_001,android,Customer enquiry — returns,returns
TKT_0000047,INC_001,2024-01-08T09:36:22+00:00,STORE_002,android,Customer enquiry — stock,stock
TKT_0000048,INC_001,2024-01-08T09:00:23+00:00,STORE_002,android,Customer enquiry — returns,returns
TKT_0000049,INC_001,2024-01-08T09:05:21+00:00,STORE_005,android,Customer enquiry — stock,stock
TKT_0000050,INC_001,2024-01-08T10:34:49+00:00,STORE_005,android,Customer enquiry — general,general
TKT_0000051,INC_001,2024-01-08T11:48:19+00:00,STORE_002,android,Customer enquiry — stock,stock
TKT_0000052,INC_001,2024-01-08T11:59:19+00:00,STORE_003,desktop,Customer enquiry — general,general
TKT_0000053,INC_001,2024-01-08T11:20:43+00:00,STORE_001,android,Customer enquiry — returns,returns
TKT_0000054,INC_001,2024-01-08T12:05:39+00:00,STORE_003,android,Customer enquiry — general,general
TKT_0000055,INC_001,2024-01-08T12:17:26+00:00,STORE_002,android,Customer enquiry — returns,returns
TKT_0000056,INC_001,2024-01-08T12:22:35+00:00,STORE_004,desktop,Customer enquiry — returns,returns
TKT_0000057,INC_001,2024-01-08T12:14:54+00:00,STORE_001,desktop,Customer enquiry — returns,returns
TKT_0000058,INC_001,2024-01-08T12:19:44+00:00,STORE_003,ios,Customer enquiry — returns,returns
TKT_0000059,INC_001,2024-01-08T13:43:17+00:00,STORE_005,android,Customer enquiry — general,general
TKT_0000060,INC_001,2024-01-08T13:42:28+00:00,STORE_002,android,Customer enquiry — stock,stock
TKT_0000061,INC_001,2024-01-08T13:17:04+00:00,STORE_004,ios,Customer enquiry — stock,stock
TKT_0000062,INC_001,2024-01-08T13:46:32+00:00,STORE_005,ios,Customer enquiry — general,general
TKT_0000063,INC_001,2024-01-08T13:10:04+00:00,STORE_002,ios,Customer enquiry — general,general
TKT_0000064,INC_001,2024-01-08T14:08:51+00:00,STORE_004,android,Customer enquiry — returns,returns
TKT_0000065,INC_001,2024-01-08T14:56:31+00:00,STORE_003,android,Customer enquiry — general,general
TKT_0000066,INC_001,2024-01-08T14:30:13+00:00,STORE_001,desktop,Customer enquiry — general,general
TKT_0000067,INC_001,2024-01-08T14:01:31+00:00,STORE_003,android,Customer enquiry — returns,returns
TKT_0000068,INC_001,2024-01-08T14:51:31+00:00,STORE_002,desktop,Customer enquiry — stock,stock
TKT_0000069,INC_001,2024-01-08T15:49:06+00:00,STORE_004,android,Customer enquiry — returns,returns
TKT_0000070,INC_001,2024-01-08T16:54:42+00:00,STORE_001,ios,Customer enquiry — general,general
TKT_0000071,INC_001,2024-01-08T16:01:52+00:00,STORE_001,android,Customer enquiry — stock,stock
TKT_0000072,INC_001,2024-01-08T16:32:01+00:00,STORE_004,ios,Customer enquiry — general,general
TKT_0000073,INC_001,2024-01-08T17:03:34+00:00,STORE_003,ios,Customer enquiry — returns,returns
TKT_0000074,INC_001,2024-01-08T17:59:51+00:00,STORE_004,ios,Customer enquiry — general,general
TKT_0000075,INC_001,2024-01-08T17:20:00+00:00,STORE_004,ios,Customer enquiry — returns,returns
TKT_0000076,INC_001,2024-01-08T17:27:18+00:00,STORE_003,desktop,Customer enquiry — stock,stock
TKT_0000077,INC_001,2024-01-08T18:46:09+00:00,STORE_005,desktop,Customer enquiry — general,general
TKT_0000078,INC_001,2024-01-08T18:55:57+00:00,STORE_003,desktop,Customer enquiry — stock,stock
TKT_0000079,INC_001,2024-01-08T18:42:47+00:00,STORE_001,ios,Customer enquiry — stock,stock
TKT_0000080,INC_001,2024-01-08T18:36:07+00:00,STORE_001,ios,Customer enquiry — returns,returns
TKT_0000081,INC_001,2024-01-08T18:26:35+00:00,STORE_004,android,Customer enquiry — stock,stock
TKT_0000082,INC_001,2024-01-08T18:26:36+00:00,STORE_002,android,Customer enquiry — general,general
TKT_0000083,INC_001,2024-01-08T18:11:06+00:00,STORE_004,desktop,Customer enquiry — stock,stock
TKT_0000084,INC_001,2024-01-08T18:48:20+00:00,STORE_002,desktop,Customer enquiry — general,general
TKT_0000085,INC_001,2024-01-08T18:49:17+00:00,STORE_005,desktop,Customer enquiry — general,general
TKT_0000086,INC_001,2024-01-08T18:02:18+00:00,STORE_004,desktop,Customer enquiry — returns,returns
TKT_0000087,INC_001,2024-01-08T18:22:50+00:00,STORE_005,ios,Customer enquiry — stock,stock
TKT_0000088,INC_001,2024-01-08T19:43:55+00:00,STORE_001,android,Customer enquiry — stock,stock
TKT_0000089,INC_001,2024-01-08T19:59:02+00:00,STORE_003,android,Customer enquiry — stock,stock
TKT_0000090,INC_001,2024-01-08T19:28:25+00:00,STORE_005,desktop,Customer enquiry — returns,returns
TKT_0000091,INC_001,2024-01-08T19:41:35+00:00,STORE_003,android,Customer enquiry — returns,returns
TKT_0000092,INC_001,2024-01-08T19:48:57+00:00,STORE_002,ios,Customer enquiry — stock,stock
TKT_0000093,INC_001,2024-01-08T19:44:53+00:00,STORE_001,desktop,Customer enquiry — stock,stock
TKT_0000094,INC_001,2024-01-08T20:02:56+00:00,STORE_003,ios,Customer enquiry — returns,returns
TKT_0000095,INC_001,2024-01-08T20:17:48+00:00,STORE_002,android,Customer enquiry — general,general
TKT_0000096,INC_001,2024-01-08T20:34:33+00:00,STORE_003,ios,Customer enquiry — returns,returns
TKT_0000097,INC_001,2024-01-08T20:32:51+00:00,STORE_005,ios,Customer enquiry — stock,stock
TKT_0000098,INC_001,2024-01-08T20:59:20+00:00,STORE_002,ios,Customer enquiry — returns,returns
TKT_0000099,INC_001,2024-01-08T20:19:23+00:00,STORE_002,android,Customer enquiry — general,general
TKT_0000100,INC_001,2024-01-08T20:26:17+00:00,STORE_003,android,Customer enquiry — returns,returns
TKT_0000101,INC_001,2024-01-08T21:43:00+00:00,STORE_005,android,Customer enquiry — returns,returns
TKT_0000102,INC_001,2024-01-08T21:43:42+00:00,STORE_002,android,Customer enquiry — general,general
TKT_0000103,INC_001,2024-01-08T21:03:57+00:00,STORE_003,android,Customer enquiry — returns,returns
TKT_0000104,INC_001,2024-01-08T21:23:03+00:00,STORE_004,desktop,Customer enquiry — returns,returns
TKT_0000105,INC_001,2024-01-08T22:23:14+00:00,STORE_002,ios,Customer enquiry — general,general
TKT_0000106,INC_001,2024-01-08T22:27:44+00:00,STORE_003,ios,Customer enquiry — returns,returns
TKT_0000107,INC_001,2024-01-08T22:48:58+00:00,STORE_005,desktop,Customer enquiry — stock,stock
TKT_0000108,INC_001,2024-01-08T22:38:15+00:00,STORE_003,desktop,Customer enquiry — returns,returns
TKT_0000109,INC_001,2024-01-08T23:44:22+00:00,STORE_001,ios,Customer enquiry — general,general
TKT_0000110,INC_001,2024-01-08T23:32:19+00:00,STORE_001,ios,Customer enquiry — general,general
TKT_0000111,INC_001,2024-01-08T23:44:29+00:00,STORE_003,android,Customer enquiry — stock,stock
TKT_0000112,INC_001,2024-01-08T23:09:21+00:00,STORE_001,android,Customer enquiry — stock,stock
TKT_0000113,INC_001,2024-01-08T23:08:32+00:00,STORE_001,ios,Customer enquiry — stock,stock
TKT_0000114,INC_001,2024-01-09T00:05:51+00:00,STORE_002,desktop,Customer enquiry — returns,returns
TKT_0000115,INC_001,2024-01-09T00:31:21+00:00,STORE_001,android,Customer enquiry — returns,returns
TKT_0000116,INC_001,2024-01-09T00:19:52+00:00,STORE_004,ios,Customer enquiry — returns,returns
TKT_0000117,INC_001,2024-01-09T00:07:01+00:00,STORE_002,android,Customer enquiry — general,general
TKT_0000118,INC_001,2024-01-09T01:04:46+00:00,STORE_004,android,Customer enquiry — general,general
TKT_0000119,INC_001,2024-01-09T01:17:09+00:00,STORE_001,desktop,Customer enquiry — stock,stock
TKT_0000120,INC_001,2024-01-09T01:01:08+00:00,STORE_001,desktop,Customer enquiry — returns,returns
TKT_0000121,INC_001,2024-01-09T01:34:17+00:00,STORE_002,android,Customer enquiry — general,general
TKT_0000122,INC_001,2024-01-09T01:06:06+00:00,STORE_004,ios,Customer enquiry — returns,returns
TKT_0000123,INC_001,2024-01-09T01:33:25+00:00,STORE_001,android,Customer enquiry — general,general
TKT_0000124,INC_001,2024-01-09T01:27:04+00:00,STORE_005,android,Customer enquiry — returns,returns
TKT_0000125,INC_001,2024-01-09T02:07:56+00:00,STORE_003,desktop,Customer enquiry — stock,stock
TKT_0000126,INC_001,2024-01-09T02:49:20+00:00,STORE_005,android,Customer enquiry — general,general
TKT_0000127,INC_001,2024-01-09T02:33:32+00:00,STORE_001,android,Customer enquiry — stock,stock
TKT_0000128,INC_001,2024-01-09T02:30:22+00:00,STORE_003,desktop,Customer enquiry — general,general
TKT_0000129,INC_001,2024-01-09T02:38:15+00:00,STORE_002,desktop,Customer enquiry — returns,returns
TKT_0000130,INC_001,2024-01-09T03:12:09+00:00,STORE_005,android,Customer enquiry — stock,stock
TKT_0000131,INC_001,2024-01-09T03:29:29+00:00,STORE_001,ios,Customer enquiry — general,general
TKT_0000132,INC_001,2024-01-09T03:20:08+00:00,STORE_004,android,Customer enquiry — returns,returns
TKT_0000133,INC_001,2024-01-09T03:43:24+00:00,STORE_003,ios,Customer enquiry — stock,stock
TKT_0000134,INC_001,2024-01-09T03:31:47+00:00,STORE_005,ios,Customer enquiry — stock,stock
TKT_0000135,INC_001,2024-01-09T03:43:03+00:00,STORE_001,ios,Customer enquiry — stock,stock
TKT_0000136,INC_001,2024-01-09T04:02:04+00:00,STORE_004,desktop,Customer enquiry — stock,stock
TKT_0000137,INC_001,2024-01-09T04:54:39+00:00,STORE_005,desktop,Customer enquiry — stock,stock
TKT_0000138,INC_001,2024-01-09T04:21:04+00:00,STORE_004,desktop,Customer enquiry — returns,returns
TKT_0000139,INC_001,2024-01-09T05:08:06+00:00,STORE_003,android,Customer enquiry — stock,stock
TKT_0000140,INC_001,2024-01-09T05:20:56+00:00,STORE_003,android,Customer enquiry — stock,stock
TKT_0000141,INC_001,2024-01-09T05:48:31+00:00,STORE_005,ios,Customer enquiry — returns,returns
TKT_0000142,INC_001,2024-01-09T05:07:02+00:00,STORE_003,android,Customer enquiry — general,general
TKT_0000143,INC_001,2024-01-09T05:52:19+00:00,STORE_001,ios,Customer enquiry — stock,stock
TKT_0000144,INC_001,2024-01-09T05:41:35+00:00,STORE_001,android,Customer enquiry — returns,returns
TKT_0000145,INC_001,2024-01-09T05:15:59+00:00,STORE_002,android,Customer enquiry — general,general
TKT_0000146,INC_001,2024-01-09T05:21:12+00:00,STORE_005,desktop,Customer enquiry — returns,returns
TKT_0000147,INC_001,2024-01-09T06:32:10+00:00,STORE_004,android,Customer enquiry — returns,returns
TKT_0000148,INC_001,2024-01-09T06:18:37+00:00,STORE_005,android,Customer enquiry — returns,returns
TKT_0000149,INC_001,2024-01-09T06:19:39+00:00,STORE_005,android,Customer enquiry — general,general
TKT_0000150,INC_001,2024-01-09T06:58:15+00:00,STORE_003,android,Customer enquiry — general,general
TKT_0000151,INC_001,2024-01-09T07:50:23+00:00,STORE_004,desktop,Customer enquiry — general,general
TKT_0000152,INC_001,2024-01-09T07:38:04+00:00,STORE_003,android,Customer enquiry — general,general
TKT_0000153,INC_001,2024-01-09T07:44:23+00:00,STORE_003,desktop,Customer enquiry — stock,stock
TKT_0000154,INC_001,2024-01-09T07:47:22+00:00,STORE_001,ios,Customer enquiry — general,general
TKT_0000155,INC_001,2024-01-09T07:43:41+00:00,STORE_005,ios,Customer enquiry — returns,returns
TKT_0000156,INC_001,2024-01-09T08:09:19+00:00,STORE_002,ios,Customer enquiry — returns,returns
TKT_0000157,INC_001,2024-01-09T08:05:12+00:00,STORE_003,desktop,Customer enquiry — stock,stock
TKT_0000158,INC_001,2024-01-09T08:36:38+00:00,STORE_002,android,Customer enquiry — stock,stock
TKT_0000159,INC_001,2024-01-09T09:06:21+00:00,STORE_002,ios,Customer enquiry — returns,returns
TKT_0000160,INC_001,2024-01-09T09:14:16+00:00,STORE_005,android,Customer enquiry — stock,stock
TKT_0000161,INC_001,2024-01-09T09:39:17+00:00,STORE_001,android,Customer enquiry — returns,returns
TKT_0000162,INC_001,2024-01-09T09:38:28+00:00,STORE_002,ios,Customer enquiry — returns,returns
TKT_0000163,INC_001,2024-01-09T09:57:39+00:00,STORE_002,android,Customer enquiry — general,general
TKT_0000164,INC_001,2024-01-09T09:16:49+00:00,STORE_004,desktop,Customer enquiry — general,general
TKT_0000165,INC_001,2024-01-09T09:19:40+00:00,STORE_002,android,Customer enquiry — returns,returns
TKT_0000166,INC_001,2024-01-09T10:59:25+00:00,STORE_001,android,Customer enquiry — stock,stock
TKT_0000167,INC_001,2024-01-09T10:18:07+00:00,STORE_002,android,Customer enquiry — returns,returns
TKT_0000168,INC_001,2024-01-09T10:09:13+00:00,STORE_001,desktop,Customer enquiry — general,general
TKT_0000169,INC_001,2024-01-09T11:47:12+00:00,STORE_002,android,Customer enquiry — returns,returns
TKT_0000170,INC_001,2024-01-09T11:17:16+00:00,STORE_002,android,Customer enquiry — stock,stock
TKT_0000171,INC_001,2024-01-09T11:07:26+00:00,STORE_003,ios,Customer enquiry — general,general
TKT_0000172,INC_001,2024-01-09T11:05:26+00:00,STORE_003,desktop,Customer enquiry — stock,stock
TKT_0000173,INC_001,2024-01-09T11:59:27+00:00,STORE_005,android,Customer enquiry — general,general
TKT_0000174,INC_001,2024-01-09T11:49:53+00:00,STORE_002,android,Customer enquiry — general,general
TKT_0000175,INC_001,2024-01-09T11:03:05+00:00,STORE_002,desktop,Customer enquiry — general,general
TKT_0000176,INC_001,2024-01-09T11:57:56+00:00,STORE_001,ios,Customer enquiry — returns,returns
TKT_0000177,INC_001,2024-01-09T12:50:04+00:00,STORE_001,android,Customer enquiry — general,general
TKT_0000178,INC_001,2024-01-09T12:22:16+00:00,STORE_001,desktop,Customer enquiry — stock,stock
TKT_0000179,INC_001,2024-01-09T12:33:20+00:00,STORE_001,android,Customer enquiry — returns,returns
TKT_0000180,INC_001,2024-01-09T13:12:12+00:00,STORE_005,desktop,Customer enquiry — general,general
TKT_0000181,INC_001,2024-01-09T13:55:58+00:00,STORE_005,android,Customer enquiry — returns,returns
TKT_0000182,INC_001,2024-01-09T13:08:02+00:00,STORE_003,desktop,Customer enquiry — general,general
TKT_0000183,INC_001,2024-01-09T13:16:30+00:00,STORE_005,android,Customer enquiry — returns,returns
TKT_0000184,INC_001,2024-01-09T13:44:00+00:00,STORE_001,android,Customer enquiry — returns,returns
TKT_0000185,INC_001,2024-01-09T13:56:53+00:00,STORE_002,desktop,Customer enquiry — stock,stock
TKT_0000186,INC_001,2024-01-09T14:58:25+00:00,STORE_004,ios,Customer enquiry — general,general
TKT_0000187,INC_001,2024-01-09T15:21:30+00:00,STORE_002,desktop,Customer enquiry — general,general
TKT_0000188,INC_001,2024-01-09T15:51:18+00:00,STORE_003,android,Customer enquiry — returns,returns
TKT_0000189,INC_001,2024-01-09T15:50:54+00:00,STORE_004,desktop,Customer enquiry — returns,returns
TKT_0000190,INC_001,2024-01-09T15:00:49+00:00,STORE_005,desktop,Customer enquiry — stock,stock
TKT_0000191,INC_001,2024-01-09T15:22:30+00:00,STORE_002,android,Customer enquiry — returns,returns
TKT_0000192,INC_001,2024-01-09T15:04:50+00:00,STORE_005,android,Customer enquiry — stock,stock
TKT_0000193,INC_001,2024-01-09T15:54:38+00:00,STORE_005,ios,Customer enquiry — returns,returns
TKT_0000194,INC_001,2024-01-09T15:43:22+00:00,STORE_002,ios,Customer enquiry — stock,stock
TKT_0000195,INC_001,2024-01-09T15:42:59+00:00,STORE_004,ios,Customer enquiry — returns,returns
TKT_0000196,INC_001,2024-01-09T16:37:21+00:00,STORE_005,android,Customer enquiry — stock,stock
TKT_0000197,INC_001,2024-01-09T16:32:40+00:00,STORE_002,ios,Customer enquiry — returns,returns
TKT_0000198,INC_001,2024-01-09T16:45:28+00:00,STORE_001,ios,Customer enquiry — general,general
TKT_0000199,INC_001,2024-01-09T16:00:15+00:00,STORE_005,desktop,Customer enquiry — general,general
TKT_0000200,INC_001,2024-01-09T16:46:49+00:00,STORE_003,android,Customer enquiry — stock,stock
TKT_0000201,INC_001,2024-01-09T16:56:37+00:00,STORE_005,ios,Customer enquiry — returns,returns
TKT_0000202,INC_001,2024-01-09T17:41:15+00:00,STORE_003,desktop,Customer enquiry — general,general
TKT_0000203,INC_001,2024-01-09T17:42:28+00:00,STORE_002,ios,Customer enquiry — general,general
TKT_0000204,INC_001,2024-01-09T17:21:42+00:00,STORE_004,ios,Customer enquiry — stock,stock
TKT_0000205,INC_001,2024-01-09T17:50:46+00:00,STORE_002,ios,Customer enquiry — stock,stock
TKT_0000206,INC_001,2024-01-09T17:23:04+00:00,STORE_005,ios,Customer enquiry — stock,stock
TKT_0000207,INC_001,2024-01-09T18:39:20+00:00,STORE_001,android,Customer enquiry — returns,returns
TKT_0000208,INC_001,2024-01-09T18:47:58+00:00,STORE_003,android,Customer enquiry — returns,returns
TKT_0000209,INC_001,2024-01-09T18:43:38+00:00,STORE_005,android,Customer enquiry — stock,stock
TKT_0000210,INC_001,2024-01-09T18:35:27+00:00,STORE_001,android,Customer enquiry — general,general
TKT_0000211,INC_001,2024-01-09T18:43:59+00:00,STORE_003,ios,Customer enquiry — stock,stock
TKT_0000212,INC_001,2024-01-09T18:36:27+00:00,STORE_001,android,Customer enquiry — returns,returns
TKT_0000213,INC_001,2024-01-09T19:15:43+00:00,STORE_005,ios,Customer enquiry — stock,stock
TKT_0000214,INC_001,2024-01-09T19:43:14+00:00,STORE_005,android,Customer enquiry — stock,stock
TKT_0000215,INC_001,2024-01-09T19:50:05+00:00,STORE_003,desktop,Customer enquiry — general,general
TKT_0000216,INC_001,2024-01-09T19:25:05+00:00,STORE_005,desktop,Customer enquiry — returns,returns
TKT_0000217,INC_001,2024-01-09T19:40:16+00:00,STORE_003,ios,Customer enquiry — general,general
TKT_0000218,INC_001,2024-01-09T19:45:46+00:00,STORE_005,desktop,Customer enquiry — stock,stock
TKT_0000219,INC_001,2024-01-09T19:52:30+00:00,STORE_004,desktop,Customer enquiry — general,general
TKT_0000220,INC_001,2024-01-09T19:41:14+00:00,STORE_005,ios,Customer enquiry — returns,returns
TKT_0000221,INC_001,2024-01-09T19:10:40+00:00,STORE_002,android,Customer enquiry — stock,stock
TKT_0000222,INC_001,2024-01-09T20:00:28+00:00,STORE_001,desktop,Customer enquiry — returns,returns
TKT_0000223,INC_001,2024-01-09T20:11:18+00:00,STORE_004,android,Customer enquiry — general,general
TKT_0000224,INC_001,2024-01-09T21:14:28+00:00,STORE_004,ios,Customer enquiry — stock,stock
TKT_0000225,INC_001,2024-01-09T21:56:52+00:00,STORE_002,android,Customer enquiry — general,general
TKT_0000226,INC_001,2024-01-09T21:25:12+00:00,STORE_004,desktop,Customer enquiry — general,general
TKT_0000227,INC_001,2024-01-09T21:33:48+00:00,STORE_004,ios,Customer enquiry — general,general
TKT_0000228,INC_001,2024-01-09T21:56:05+00:00,STORE_005,android,Customer enquiry — stock,stock
TKT_0000229,INC_001,2024-01-09T21:33:41+00:00,STORE_002,desktop,Customer enquiry — general,general
TKT_0000230,INC_001,2024-01-09T22:12:31+00:00,STORE_004,ios,Customer enquiry — returns,returns
TKT_0000231,INC_001,2024-01-09T22:58:59+00:00,STORE_002,android,Customer enquiry — returns,returns
TKT_0000232,INC_001,2024-01-09T22:27:06+00:00,STORE_002,ios,Customer enquiry — general,general
TKT_0000233,INC_001,2024-01-09T22:34:22+00:00,STORE_002,android,Customer enquiry — returns,returns
TKT_0000234,INC_001,2024-01-09T22:30:13+00:00,STORE_002,ios,Customer enquiry — stock,stock
TKT_0000235,INC_001,2024-01-09T23:15:34+00:00,STORE_002,ios,Customer enquiry — stock,stock
TKT_0000236,INC_001,2024-01-09T23:40:58+00:00,STORE_003,ios,Customer enquiry — stock,stock
TKT_0000237,INC_001,2024-01-09T23:56:22+00:00,STORE_001,desktop,Customer enquiry — general,general
TKT_0000238,INC_001,2024-01-09T23:57:24+00:00,STORE_002,desktop,Customer enquiry — returns,returns
TKT_0000239,INC_001,2024-01-09T23:17:13+00:00,STORE_001,ios,Customer enquiry — returns,returns
TKT_0000240,INC_001,2024-01-10T00:42:26+00:00,STORE_003,android,Customer enquiry — general,general
TKT_0000241,INC_001,2024-01-10T00:07:53+00:00,STORE_004,ios,Customer enquiry — general,general
TKT_0000242,INC_001,2024-01-10T01:33:56+00:00,STORE_001,ios,Customer enquiry — returns,returns
TKT_0000243,INC_001,2024-01-10T01:51:50+00:00,STORE_002,desktop,Customer enquiry — returns,returns
TKT_0000244,INC_001,2024-01-10T01:42:09+00:00,STORE_004,android,Customer enquiry — stock,stock
TKT_0000245,INC_001,2024-01-10T01:41:05+00:00,STORE_003,android,Customer enquiry — general,general
TKT_0000246,INC_001,2024-01-10T01:47:37+00:00,STORE_005,ios,Customer enquiry — general,general
TKT_0000247,INC_001,2024-01-10T01:56:24+00:00,STORE_001,ios,Customer enquiry — stock,stock
TKT_0000248,INC_001,2024-01-10T01:11:50+00:00,STORE_005,ios,Customer enquiry — returns,returns
TKT_0000249,INC_001,2024-01-10T01:16:12+00:00,STORE_005,desktop,Customer enquiry — stock,stock
TKT_0000250,INC_001,2024-01-10T02:44:25+00:00,STORE_001,android,Customer enquiry — returns,returns
TKT_0000251,INC_001,2024-01-10T02:55:23+00:00,STORE_005,android,Customer enquiry — general,general
TKT_0000252,INC_001,2024-01-10T02:50:56+00:00,STORE_004,ios,Customer enquiry — stock,stock
TKT_0000253,INC_001,2024-01-10T02:27:07+00:00,STORE_004,ios,Customer enquiry — stock,stock
TKT_0000254,INC_001,2024-01-10T02:48:06+00:00,STORE_002,ios,Customer enquiry — stock,stock
TKT_0000255,INC_001,2024-01-10T02:11:07+00:00,STORE_002,desktop,Customer enquiry — general,general
TKT_0000256,INC_001,2024-01-10T03:08:54+00:00,STORE_003,desktop,Customer enquiry — stock,stock
TKT_0000257,INC_001,2024-01-10T03:57:17+00:00,STORE_003,ios,Customer enquiry — returns,returns
TKT_0000258,INC_001,2024-01-10T03:05:44+00:00,STORE_001,android,Customer enquiry — stock,stock
TKT_0000259,INC_001,2024-01-10T03:32:01+00:00,STORE_005,ios,Customer enquiry — returns,returns
TKT_0000260,INC_001,2024-01-10T03:34:12+00:00,STORE_003,desktop,Customer enquiry — returns,returns
TKT_0000261,INC_001,2024-01-10T04:00:29+00:00,STORE_002,desktop,Customer enquiry — general,general
TKT_0000262,INC_001,2024-01-10T04:44:48+00:00,STORE_001,desktop,Customer enquiry — returns,returns
TKT_0000263,INC_001,2024-01-10T04:09:37+00:00,STORE_002,android,Customer enquiry — returns,returns
TKT_0000264,INC_001,2024-01-10T04:14:33+00:00,STORE_001,ios,Customer enquiry — stock,stock
TKT_0000265,INC_001,2024-01-10T04:10:09+00:00,STORE_001,android,Customer enquiry — returns,returns
TKT_0000266,INC_001,2024-01-10T05:54:56+00:00,STORE_002,android,Customer enquiry — general,general
TKT_0000267,INC_001,2024-01-10T05:46:24+00:00,STORE_004,desktop,Customer enquiry — returns,returns
TKT_0000268,INC_001,2024-01-10T05:05:30+00:00,STORE_005,ios,Customer enquiry — general,general
TKT_0000269,INC_001,2024-01-10T05:35:22+00:00,STORE_003,android,Customer enquiry — stock,stock
TKT_0000270,INC_001,2024-01-10T05:18:51+00:00,STORE_003,ios,Customer enquiry — returns,returns
TKT_0000271,INC_001,2024-01-10T06:27:17+00:00,STORE_005,ios,Customer enquiry — stock,stock
TKT_0000272,INC_001,2024-01-10T06:36:40+00:00,STORE_005,ios,Customer enquiry — stock,stock
TKT_0000273,INC_001,2024-01-10T06:19:11+00:00,STORE_001,ios,Customer enquiry — stock,stock
TKT_0000274,INC_001,2024-01-10T06:05:58+00:00,STORE_003,android,Customer enquiry — general,general
TKT_0000275,INC_001,2024-01-10T06:50:18+00:00,STORE_001,desktop,Customer enquiry — general,general
TKT_0000276,INC_001,2024-01-10T06:20:03+00:00,STORE_003,desktop,Customer enquiry — stock,stock
TKT_0000277,INC_001,2024-01-10T07:17:12+00:00,STORE_005,desktop,Customer enquiry — returns,returns
TKT_0000278,INC_001,2024-01-10T07:56:48+00:00,STORE_004,ios,Customer enquiry — returns,returns
TKT_0000279,INC_001,2024-01-10T08:40:09+00:00,STORE_005,android,Customer enquiry — general,general
TKT_0000280,INC_001,2024-01-10T08:52:22+00:00,STORE_005,ios,Customer enquiry — general,general
TKT_0000281,INC_001,2024-01-10T08:52:55+00:00,STORE_003,desktop,Customer enquiry — stock,stock
TKT_0000282,INC_001,2024-01-10T09:09:45+00:00,STORE_002,desktop,Customer enquiry — stock,stock
TKT_0000283,INC_001,2024-01-10T09:38:27+00:00,STORE_004,desktop,Customer enquiry — general,general
TKT_0000284,INC_001,2024-01-10T09:54:01+00:00,STORE_005,ios,Customer enquiry — stock,stock
TKT_0000285,INC_001,2024-01-10T09:40:41+00:00,STORE_001,ios,Customer enquiry — stock,stock
TKT_0000286,INC_001,2024-01-10T09:13:40+00:00,STORE_003,android,Customer enquiry — stock,stock
TKT_0000287,INC_001,2024-01-10T09:22:49+00:00,STORE_004,ios,Customer enquiry — general,general
TKT_0000288,INC_001,2024-01-10T09:11:58+00:00,STORE_003,ios,Customer enquiry — returns,returns
TKT_0000289,INC_001,2024-01-10T10:54:52+00:00,STORE_003,android,Customer enquiry — general,general
TKT_0000290,INC_001,2024-01-10T10:29:55+00:00,STORE_003,ios,Customer enquiry — general,general
TKT_0000291,INC_001,2024-01-10T10:29:02+00:00,STORE_002,desktop,Customer enquiry — returns,returns
TKT_0000292,INC_001,2024-01-10T10:20:06+00:00,STORE_005,desktop,Customer enquiry — stock,stock
TKT_0000293,INC_001,2024-01-10T10:20:45+00:00,STORE_004,desktop,Customer enquiry — stock,stock
TKT_0000294,INC_001,2024-01-10T10:58:41+00:00,STORE_004,desktop,Customer enquiry — general,general
TKT_0000295,INC_001,2024-01-10T11:01:23+00:00,STORE_002,desktop,Customer enquiry — general,general
TKT_0000296,INC_001,2024-01-10T11:53:23+00:00,STORE_005,android,Customer enquiry — returns,returns
TKT_0000297,INC_001,2024-01-10T11:56:19+00:00,STORE_003,ios,Customer enquiry — returns,returns
TKT_0000298,INC_001,2024-01-10T11:08:42+00:00,STORE_001,android,Customer enquiry — returns,returns
TKT_0000299,INC_001,2024-01-10T11:41:21+00:00,STORE_004,android,Customer enquiry — returns,returns
TKT_0000300,INC_001,2024-01-10T11:58:41+00:00,STORE_003,android,Customer enquiry — returns,returns
TKT_0000301,INC_001,2024-01-10T11:06:00+00:00,STORE_005,ios,Customer enquiry — general,general
TKT_0000302,INC_001,2024-01-10T11:10:52+00:00,STORE_001,android,Customer enquiry — returns,returns
TKT_0000303,INC_001,2024-01-10T12:37:15+00:00,STORE_005,desktop,Customer enquiry — returns,returns
TKT_0000304,INC_001,2024-01-10T12:33:12+00:00,STORE_004,android,Customer enquiry — stock,stock
TKT_0000305,INC_001,2024-01-10T12:58:57+00:00,STORE_003,desktop,Customer enquiry — general,general
TKT_0000306,INC_001,2024-01-10T12:28:36+00:00,STORE_002,ios,Customer enquiry — stock,stock
TKT_0000307,INC_001,2024-01-10T12:24:26+00:00,STORE_004,android,Customer enquiry — stock,stock
TKT_0000308,INC_001,2024-01-10T12:24:09+00:00,STORE_005,android,Customer enquiry — returns,returns
TKT_0000309,INC_001,2024-01-10T13:43:07+00:00,STORE_002,android,Customer enquiry — general,general
TKT_0000310,INC_001,2024-01-10T13:24:10+00:00,STORE_003,ios,Customer enquiry — general,general
TKT_0000311,INC_001,2024-01-10T13:59:00+00:00,STORE_003,ios,Customer enquiry — general,general
TKT_0000312,INC_001,2024-01-10T13:13:03+00:00,STORE_002,desktop,Customer enquiry — returns,returns
TKT_0000313,INC_001,2024-01-10T13:11:25+00:00,STORE_002,android,Customer enquiry — general,general
TKT_0000314,INC_001,2024-01-10T14:59:36+00:00,STORE_003,ios,Customer enquiry — stock,stock
TKT_0000315,INC_001,2024-01-10T14:27:51+00:00,STORE_002,android,Customer enquiry — stock,stock
TKT_0000316,INC_001,2024-01-10T14:20:57+00:00,STORE_004,ios,Customer enquiry — stock,stock
TKT_0000317,INC_001,2024-01-10T14:05:47+00:00,STORE_001,ios,Customer enquiry — returns,returns
TKT_0000318,INC_001,2024-01-10T14:42:15+00:00,STORE_005,android,Customer enquiry — returns,returns
TKT_0000319,INC_001,2024-01-10T15:07:43+00:00,STORE_003,android,Customer enquiry — stock,stock
TKT_0000320,INC_001,2024-01-10T15:42:14+00:00,STORE_001,android,Customer enquiry — stock,stock
TKT_0000321,INC_001,2024-01-10T15:18:53+00:00,STORE_005,desktop,Customer enquiry — general,general
TKT_0000322,INC_001,2024-01-10T15:10:57+00:00,STORE_003,android,Customer enquiry — returns,returns
TKT_0000323,INC_001,2024-01-10T15:24:22+00:00,STORE_001,android,Customer enquiry — stock,stock
TKT_0000324,INC_001,2024-01-10T15:13:47+00:00,STORE_002,android,Customer enquiry — returns,returns
TKT_0000325,INC_001,2024-01-10T15:28:28+00:00,STORE_004,android,Customer enquiry — general,general
TKT_0000326,INC_001,2024-01-10T15:01:29+00:00,STORE_004,android,Customer enquiry — general,general
TKT_0000327,INC_001,2024-01-10T15:28:38+00:00,STORE_001,desktop,Customer enquiry — general,general
TKT_0000328,INC_001,2024-01-10T15:48:08+00:00,STORE_004,android,Customer enquiry — stock,stock
TKT_0000329,INC_001,2024-01-10T15:40:16+00:00,STORE_001,ios,Customer enquiry — general,general
TKT_0000330,INC_001,2024-01-10T15:03:50+00:00,STORE_004,ios,Customer enquiry — stock,stock
TKT_0000331,INC_001,2024-01-10T15:16:31+00:00,STORE_005,android,Customer enquiry — stock,stock
TKT_0000332,INC_001,2024-01-10T16:35:38+00:00,STORE_002,desktop,Customer enquiry — stock,stock
TKT_0000333,INC_001,2024-01-10T16:54:03+00:00,STORE_001,android,Customer enquiry — returns,returns
TKT_0000334,INC_001,2024-01-10T16:56:39+00:00,STORE_004,android,Customer enquiry — stock,stock
TKT_0000335,INC_001,2024-01-10T16:32:02+00:00,STORE_004,android,Customer enquiry — returns,returns
TKT_0000336,INC_001,2024-01-10T16:18:45+00:00,STORE_003,desktop,Customer enquiry — stock,stock
TKT_0000337,INC_001,2024-01-10T16:54:38+00:00,STORE_005,desktop,Customer enquiry — general,general
TKT_0000338,INC_001,2024-01-10T16:37:06+00:00,STORE_001,desktop,Customer enquiry — general,general
TKT_0000339,INC_001,2024-01-10T16:34:30+00:00,STORE_003,ios,Customer enquiry — stock,stock
TKT_0000340,INC_001,2024-01-10T16:02:45+00:00,STORE_003,android,Customer enquiry — returns,returns
TKT_0000341,INC_001,2024-01-10T16:01:22+00:00,STORE_005,ios,Customer enquiry — general,general
TKT_0000342,INC_001,2024-01-10T16:52:04+00:00,STORE_003,desktop,Customer enquiry — stock,stock
TKT_0000343,INC_001,2024-01-10T16:00:10+00:00,STORE_001,android,Customer enquiry — stock,stock
TKT_0000344,INC_001,2024-01-10T16:44:53+00:00,STORE_005,ios,Customer enquiry — general,general
TKT_0000345,INC_001,2024-01-10T17:48:47+00:00,STORE_002,android,Customer enquiry — general,general
TKT_0000346,INC_001,2024-01-10T17:13:48+00:00,STORE_005,desktop,Customer enquiry — general,general
TKT_0000347,INC_001,2024-01-10T17:13:54+00:00,STORE_004,android,Customer enquiry — returns,returns
TKT_0000348,INC_001,2024-01-10T17:29:02+00:00,STORE_001,android,Customer enquiry — stock,stock
TKT_0000349,INC_001,2024-01-10T17:46:25+00:00,STORE_004,desktop,Customer enquiry — returns,returns
TKT_0000350,INC_001,2024-01-10T18:06:01+00:00,STORE_002,desktop,Customer enquiry — stock,stock
TKT_0000351,INC_001,2024-01-10T18:31:04+00:00,STORE_002,ios,Customer enquiry — general,general
TKT_0000352,INC_001,2024-01-10T18:00:04+00:00,STORE_001,android,Customer enquiry — general,general
TKT_0000353,INC_001,2024-01-10T18:57:50+00:00,STORE_001,android,Customer enquiry — stock,stock
TKT_0000354,INC_001,2024-01-10T18:43:27+00:00,STORE_001,desktop,Customer enquiry — general,general
TKT_0000355,INC_001,2024-01-10T19:28:37+00:00,STORE_005,android,Customer enquiry — general,general
TKT_0000356,INC_001,2024-01-10T19:24:10+00:00,STORE_002,android,Customer enquiry — returns,returns
TKT_0000357,INC_001,2024-01-10T19:36:10+00:00,STORE_002,android,Customer enquiry — general,general
TKT_0000358,INC_001,2024-01-10T19:06:39+00:00,STORE_001,android,Customer enquiry — general,general
TKT_0000359,INC_001,2024-01-10T19:33:47+00:00,STORE_002,ios,Customer enquiry — stock,stock
TKT_0000360,INC_001,2024-01-10T19:12:32+00:00,STORE_001,android,Customer enquiry — general,general
TKT_0000361,INC_001,2024-01-10T19:32:15+00:00,STORE_001,desktop,Customer enquiry — returns,returns
TKT_0000362,INC_001,2024-01-10T19:15:01+00:00,STORE_003,android,Customer enquiry — returns,returns
TKT_0000363,INC_001,2024-01-10T20:24:13+00:00,STORE_003,android,Customer enquiry — stock,stock
TKT_0000364,INC_001,2024-01-10T20:15:07+00:00,STORE_003,android,Customer enquiry — stock,stock
TKT_0000365,INC_001,2024-01-10T21:25:30+00:00,STORE_005,ios,Customer enquiry — general,general
TKT_0000366,INC_001,2024-01-10T21:06:05+00:00,STORE_005,ios,Customer enquiry — stock,stock
TKT_0000367,INC_001,2024-01-10T21:18:21+00:00,STORE_001,android,Customer enquiry — returns,returns
TKT_0000368,INC_001,2024-01-10T21:49:44+00:00,STORE_004,desktop,Customer enquiry — stock,stock
TKT_0000369,INC_001,2024-01-10T21:30:16+00:00,STORE_001,ios,Customer enquiry — stock,stock
TKT_0000370,INC_001,2024-01-10T22:28:00+00:00,STORE_001,android,Customer enquiry — general,general
TKT_0000371,INC_001,2024-01-10T22:41:06+00:00,STORE_005,android,Customer enquiry — stock,stock
TKT_0000372,INC_001,2024-01-10T22:02:45+00:00,STORE_004,android,Customer enquiry — general,general
TKT_0000373,INC_001,2024-01-10T22:38:21+00:00,STORE_003,android,Customer enquiry — general,general
TKT_0000374,INC_001,2024-01-10T22:26:24+00:00,STORE_001,desktop,Customer enquiry — general,general
TKT_0000375,INC_001,2024-01-10T22:14:41+00:00,STORE_001,desktop,Customer enquiry — stock,stock
TKT_0000376,INC_001,2024-01-10T22:23:17+00:00,STORE_001,android,Customer enquiry — general,general
TKT_0000377,INC_001,2024-01-10T23:42:03+00:00,STORE_003,desktop,Customer enquiry — general,general
TKT_0000378,INC_001,2024-01-10T23:16:12+00:00,STORE_002,android,Customer enquiry — general,general
TKT_0000379,INC_001,2024-01-10T23:45:25+00:00,STORE_001,desktop,Customer enquiry — stock,stock
TKT_0000380,INC_001,2024-01-10T23:35:59+00:00,STORE_002,ios,Customer enquiry — returns,returns
TKT_0000381,INC_001,2024-01-10T23:02:41+00:00,STORE_002,desktop,Customer enquiry — stock,stock
TKT_0000382,INC_001,2024-01-11T00:38:09+00:00,STORE_002,android,Customer enquiry — general,general
TKT_0000383,INC_001,2024-01-11T00:13:37+00:00,STORE_005,ios,Customer enquiry — returns,returns
TKT_0000384,INC_001,2024-01-11T00:35:34+00:00,STORE_004,desktop,Customer enquiry — returns,returns
TKT_0000385,INC_001,2024-01-11T00:48:11+00:00,STORE_002,ios,Customer enquiry — stock,stock
TKT_0000386,INC_001,2024-01-11T00:04:28+00:00,STORE_002,android,Customer enquiry — stock,stock
TKT_0000387,INC_001,2024-01-11T00:04:06+00:00,STORE_001,android,Customer enquiry — general,general
TKT_0000388,INC_001,2024-01-11T01:54:54+00:00,STORE_003,ios,Customer enquiry — stock,stock
TKT_0000389,INC_001,2024-01-11T01:27:55+00:00,STORE_001,android,Customer enquiry — stock,stock
TKT_0000390,INC_001,2024-01-11T01:48:01+00:00,STORE_004,ios,Customer enquiry — stock,stock
TKT_0000391,INC_001,2024-01-11T01:14:15+00:00,STORE_001,ios,Customer enquiry — general,general
TKT_0000392,INC_001,2024-01-11T01:00:12+00:00,STORE_005,ios,Customer enquiry — stock,stock
TKT_0000393,INC_001,2024-01-11T01:59:11+00:00,STORE_004,desktop,Customer enquiry — general,general
TKT_0000394,INC_001,2024-01-11T02:55:37+00:00,STORE_003,ios,Customer enquiry — stock,stock
TKT_0000395,INC_001,2024-01-11T02:09:40+00:00,STORE_003,ios,Customer enquiry — general,general
TKT_0000396,INC_001,2024-01-11T02:25:44+00:00,STORE_005,android,Customer enquiry — stock,stock
TKT_0000397,INC_001,2024-01-11T02:36:17+00:00,STORE_004,desktop,Customer enquiry — general,general
TKT_0000398,INC_001,2024-01-11T02:31:48+00:00,STORE_002,ios,Customer enquiry — general,general
TKT_0000399,INC_001,2024-01-11T02:27:05+00:00,STORE_003,desktop,Customer enquiry — general,general
TKT_0000400,INC_001,2024-01-11T02:06:13+00:00,STORE_001,ios,Customer enquiry — stock,stock
TKT_0000401,INC_001,2024-01-11T03:34:16+00:00,STORE_003,desktop,Customer enquiry — returns,returns
TKT_0000402,INC_001,2024-01-11T03:12:07+00:00,STORE_003,desktop,Customer enquiry — stock,stock
TKT_0000403,INC_001,2024-01-11T03:00:06+00:00,STORE_005,android,Customer enquiry — returns,returns
TKT_0000404,INC_001,2024-01-11T03:16:08+00:00,STORE_001,ios,Customer enquiry — returns,returns
TKT_0000405,INC_001,2024-01-11T03:33:54+00:00,STORE_002,ios,Customer enquiry — stock,stock
TKT_0000406,INC_001,2024-01-11T03:57:57+00:00,STORE_002,ios,Customer enquiry — stock,stock
TKT_0000407,INC_001,2024-01-11T03:55:32+00:00,STORE_003,desktop,Customer enquiry — stock,stock
TKT_0000408,INC_001,2024-01-11T03:34:40+00:00,STORE_004,desktop,Customer enquiry — returns,returns
TKT_0000409,INC_001,2024-01-11T03:55:04+00:00,STORE_003,ios,Customer enquiry — returns,returns
TKT_0000410,INC_001,2024-01-11T03:37:52+00:00,STORE_005,ios,Customer enquiry — general,general
TKT_0000411,INC_001,2024-01-11T03:27:54+00:00,STORE_002,desktop,Customer enquiry — returns,returns
TKT_0000412,INC_001,2024-01-11T03:03:44+00:00,STORE_001,android,Customer enquiry — general,general
TKT_0000413,INC_001,2024-01-11T03:55:27+00:00,STORE_002,ios,Customer enquiry — stock,stock
TKT_0000414,INC_001,2024-01-11T04:22:42+00:00,STORE_001,ios,Customer enquiry — stock,stock
TKT_0000415,INC_001,2024-01-11T04:35:44+00:00,STORE_005,ios,Customer enquiry — stock,stock
TKT_0000416,INC_001,2024-01-11T04:58:26+00:00,STORE_003,ios,Customer enquiry — general,general
TKT_0000417,INC_001,2024-01-11T04:09:50+00:00,STORE_002,desktop,Customer enquiry — stock,stock
TKT_0000418,INC_001,2024-01-11T05:44:15+00:00,STORE_005,android,Customer enquiry — returns,returns
TKT_0000419,INC_001,2024-01-11T05:41:14+00:00,STORE_005,ios,Customer enquiry — stock,stock
TKT_0000420,INC_001,2024-01-11T05:57:59+00:00,STORE_001,android,Customer enquiry — general,general
TKT_0000421,INC_001,2024-01-11T05:30:27+00:00,STORE_005,ios,Customer enquiry — returns,returns
TKT_0000422,INC_001,2024-01-11T06:22:16+00:00,STORE_001,android,Customer enquiry — returns,returns
TKT_0000423,INC_001,2024-01-11T06:23:16+00:00,STORE_005,ios,Customer enquiry — returns,returns
TKT_0000424,INC_001,2024-01-11T07:15:18+00:00,STORE_002,desktop,Customer enquiry — stock,stock
TKT_0000425,INC_001,2024-01-11T07:39:06+00:00,STORE_003,ios,Customer enquiry — stock,stock
TKT_0000426,INC_001,2024-01-11T07:41:58+00:00,STORE_002,desktop,Customer enquiry — general,general
TKT_0000427,INC_001,2024-01-11T07:54:13+00:00,STORE_003,desktop,Customer enquiry — returns,returns
TKT_0000428,INC_001,2024-01-11T07:05:08+00:00,STORE_002,android,Customer enquiry — general,general
TKT_0000429,INC_001,2024-01-11T08:20:18+00:00,STORE_001,ios,Customer enquiry — general,general
TKT_0000430,INC_001,2024-01-11T08:02:13+00:00,STORE_001,android,Customer enquiry — stock,stock
TKT_0000431,INC_001,2024-01-11T08:11:30+00:00,STORE_005,desktop,Customer enquiry — returns,returns
TKT_0000432,INC_001,2024-01-11T08:51:32+00:00,STORE_004,ios,Customer enquiry — general,general
TKT_0000433,INC_001,2024-01-11T08:30:01+00:00,STORE_004,desktop,Customer enquiry — stock,stock
TKT_0000434,INC_001,2024-01-11T09:20:28+00:00,STORE_003,android,Customer enquiry — stock,stock
TKT_0000435,INC_001,2024-01-11T09:03:38+00:00,STORE_004,android,Customer enquiry — stock,stock
TKT_0000436,INC_001,2024-01-11T09:58:02+00:00,STORE_005,android,Customer enquiry — general,general
TKT_0000437,INC_001,2024-01-11T10:39:15+00:00,STORE_002,ios,Customer enquiry — returns,returns
TKT_0000438,INC_001,2024-01-11T10:02:52+00:00,STORE_001,ios,Customer enquiry — stock,stock
TKT_0000439,INC_001,2024-01-11T10:27:29+00:00,STORE_003,ios,Customer enquiry — stock,stock
TKT_0000440,INC_001,2024-01-11T10:03:32+00:00,STORE_003,android,Customer enquiry — general,general
TKT_0000441,INC_001,2024-01-11T10:17:37+00:00,STORE_001,desktop,Customer enquiry — general,general
TKT_0000442,INC_001,2024-01-11T10:57:40+00:00,STORE_005,android,Customer enquiry — general,general
TKT_0000443,INC_001,2024-01-11T11:11:36+00:00,STORE_002,android,Customer enquiry — stock,stock
TKT_0000444,INC_001,2024-01-11T11:49:30+00:00,STORE_004,desktop,Customer enquiry — stock,stock
TKT_0000445,INC_001,2024-01-11T11:25:14+00:00,STORE_003,android,Customer enquiry — general,general
TKT_0000446,INC_001,2024-01-11T11:53:48+00:00,STORE_001,ios,Customer enquiry — general,general
TKT_0000447,INC_001,2024-01-11T11:26:17+00:00,STORE_005,desktop,Customer enquiry — stock,stock
TKT_0000448,INC_001,2024-01-11T11:04:31+00:00,STORE_005,ios,Customer enquiry — stock,stock
TKT_0000449,INC_001,2024-01-11T11:56:36+00:00,STORE_004,desktop,Customer enquiry — returns,returns
TKT_0000450,INC_001,2024-01-11T11:38:48+00:00,STORE_002,android,Customer enquiry — returns,returns
TKT_0000451,INC_001,2024-01-11T12:42:28+00:00,STORE_004,android,Customer enquiry — stock,stock
TKT_0000452,INC_001,2024-01-11T12:27:45+00:00,STORE_002,ios,Customer enquiry — general,general
TKT_0000453,INC_001,2024-01-11T12:41:24+00:00,STORE_003,ios,Customer enquiry — stock,stock
TKT_0000454,INC_001,2024-01-11T12:12:22+00:00,STORE_003,desktop,Customer enquiry — returns,returns
TKT_0000455,INC_001,2024-01-11T12:04:32+00:00,STORE_005,desktop,Customer enquiry — general,general
TKT_0000456,INC_001,2024-01-11T12:46:12+00:00,STORE_004,android,Customer enquiry — general,general
TKT_0000457,INC_001,2024-01-11T12:47:03+00:00,STORE_003,ios,Customer enquiry — stock,stock
TKT_0000458,INC_001,2024-01-11T13:06:17+00:00,STORE_005,desktop,Customer enquiry — general,general
TKT_0000459,INC_001,2024-01-11T13:54:38+00:00,STORE_005,ios,Customer enquiry — general,general
TKT_0000460,INC_001,2024-01-11T13:25:26+00:00,STORE_002,ios,Customer enquiry — general,general
TKT_0000461,INC_001,2024-01-11T13:43:00+00:00,STORE_002,ios,Customer enquiry — stock,stock
TKT_0000462,INC_001,2024-01-11T13:32:21+00:00,STORE_003,ios,Customer enquiry — stock,stock
TKT_0000463,INC_001,2024-01-11T13:11:07+00:00,STORE_001,android,Customer enquiry — stock,stock
TKT_0000464,INC_001,2024-01-11T13:05:41+00:00,STORE_003,desktop,Customer enquiry — returns,returns
TKT_0000465,INC_001,2024-01-11T13:05:41+00:00,STORE_001,desktop,Customer enquiry — general,general
TKT_0000466,INC_001,2024-01-11T14:47:59+00:00,STORE_005,desktop,Customer enquiry — returns,returns
TKT_0000467,INC_001,2024-01-11T14:06:54+00:00,STORE_003,desktop,Customer enquiry — stock,stock
TKT_0000468,INC_001,2024-01-11T14:43:22+00:00,STORE_004,ios,Customer enquiry — general,general
TKT_0000469,INC_001,2024-01-11T14:35:59+00:00,STORE_003,desktop,Customer enquiry — general,general
TKT_0000470,INC_001,2024-01-11T14:41:18+00:00,STORE_003,ios,Customer enquiry — stock,stock
TKT_0000471,INC_001,2024-01-11T15:04:37+00:00,STORE_002,ios,Customer enquiry — returns,returns
TKT_0000472,INC_001,2024-01-11T15:56:18+00:00,STORE_002,android,Customer enquiry — returns,returns
TKT_0000473,INC_001,2024-01-11T15:20:23+00:00,STORE_001,ios,Customer enquiry — returns,returns
TKT_0000474,INC_001,2024-01-11T15:53:07+00:00,STORE_004,desktop,Customer enquiry — stock,stock
TKT_0000475,INC_001,2024-01-11T15:14:28+00:00,STORE_003,android,Customer enquiry — general,general
TKT_0000476,INC_001,2024-01-11T15:50:17+00:00,STORE_002,ios,Customer enquiry — general,general
TKT_0000477,INC_001,2024-01-11T15:49:50+00:00,STORE_002,android,Customer enquiry — stock,stock
TKT_0000478,INC_001,2024-01-11T15:20:49+00:00,STORE_001,ios,Customer enquiry — returns,returns
TKT_0000479,INC_001,2024-01-11T15:12:24+00:00,STORE_005,android,Customer enquiry — general,general
TKT_0000480,INC_001,2024-01-11T15:52:46+00:00,STORE_004,android,Customer enquiry — stock,stock
TKT_0000481,INC_001,2024-01-11T15:02:31+00:00,STORE_003,ios,Customer enquiry — returns,returns
TKT_0000482,INC_001,2024-01-11T15:04:47+00:00,STORE_004,ios,Customer enquiry — general,general
TKT_0000483,INC_001,2024-01-11T15:52:27+00:00,STORE_001,android,Customer enquiry — returns,returns
TKT_0000484,INC_001,2024-01-11T15:02:21+00:00,STORE_003,desktop,Customer enquiry — returns,returns
TKT_0000485,INC_001,2024-01-11T15:00:27+00:00,STORE_005,android,Customer enquiry — stock,stock
TKT_0000486,INC_001,2024-01-11T16:23:52+00:00,STORE_005,ios,Customer enquiry — returns,returns
TKT_0000487,INC_001,2024-01-11T16:07:21+00:00,STORE_005,desktop,Customer enquiry — stock,stock
TKT_0000488,INC_001,2024-01-11T16:48:14+00:00,STORE_003,ios,Customer enquiry — stock,stock
TKT_0000489,INC_001,2024-01-11T16:10:22+00:00,STORE_004,ios,Customer enquiry — stock,stock
TKT_0000490,INC_001,2024-01-11T17:19:10+00:00,STORE_005,desktop,Customer enquiry — stock,stock
TKT_0000491,INC_001,2024-01-11T17:58:03+00:00,STORE_003,desktop,Customer enquiry — returns,returns
TKT_0000492,INC_001,2024-01-11T17:11:14+00:00,STORE_003,ios,Customer enquiry — general,general
TKT_0000493,INC_001,2024-01-11T17:02:22+00:00,STORE_002,android,Customer enquiry — stock,stock
TKT_0000494,INC_001,2024-01-11T17:01:33+00:00,STORE_004,android,Customer enquiry — returns,returns
TKT_0000495,INC_001,2024-01-11T17:14:19+00:00,STORE_004,desktop,Customer enquiry — general,general
TKT_0000496,INC_001,2024-01-11T17:45:06+00:00,STORE_001,android,Customer enquiry — general,general
TKT_0000497,INC_001,2024-01-11T17:19:42+00:00,STORE_005,desktop,Customer enquiry — stock,stock
TKT_0000498,INC_001,2024-01-11T17:23:58+00:00,STORE_004,desktop,Customer enquiry — returns,returns
TKT_0000499,INC_001,2024-01-11T17:44:41+00:00,STORE_005,ios,Customer enquiry — general,general
TKT_0000500,INC_001,2024-01-11T18:45:31+00:00,STORE_004,desktop,Customer enquiry — stock,stock
TKT_0000501,INC_001,2024-01-11T18:31:27+00:00,STORE_001,desktop,Customer enquiry — returns,returns
TKT_0000502,INC_001,2024-01-11T18:45:30+00:00,STORE_004,android,Customer enquiry — general,general
TKT_0000503,INC_001,2024-01-11T18:08:44+00:00,STORE_003,ios,Customer enquiry — general,general
TKT_0000504,INC_001,2024-01-11T18:42:23+00:00,STORE_003,ios,Customer enquiry — stock,stock
TKT_0000505,INC_001,2024-01-11T18:32:24+00:00,STORE_001,android,Customer enquiry — stock,stock
TKT_0000506,INC_001,2024-01-11T18:26:51+00:00,STORE_004,desktop,Customer enquiry — returns,returns
TKT_0000507,INC_001,2024-01-11T19:28:32+00:00,STORE_003,android,Customer enquiry — general,general
TKT_0000508,INC_001,2024-01-11T19:22:12+00:00,STORE_001,desktop,Customer enquiry — general,general
TKT_0000509,INC_001,2024-01-11T19:45:23+00:00,STORE_003,desktop,Customer enquiry — general,general
TKT_0000510,INC_001,2024-01-11T19:12:29+00:00,STORE_003,android,Customer enquiry — returns,returns
TKT_0000511,INC_001,2024-01-11T19:50:48+00:00,STORE_001,ios,Customer enquiry — general,general
TKT_0000512,INC_001,2024-01-11T20:23:33+00:00,STORE_003,ios,Customer enquiry — general,general
TKT_0000513,INC_001,2024-01-11T20:56:02+00:00,STORE_002,desktop,Customer enquiry — general,general
TKT_0000514,INC_001,2024-01-11T20:26:49+00:00,STORE_001,android,Customer enquiry — returns,returns
TKT_0000515,INC_001,2024-01-11T20:57:58+00:00,STORE_001,android,Customer enquiry — returns,returns
TKT_0000516,INC_001,2024-01-11T20:31:50+00:00,STORE_004,android,Customer enquiry — stock,stock
TKT_0000517,INC_001,2024-01-11T20:32:54+00:00,STORE_001,android,Customer enquiry — returns,returns
TKT_0000518,INC_001,2024-01-11T20:59:35+00:00,STORE_005,desktop,Customer enquiry — stock,stock
TKT_0000519,INC_001,2024-01-11T21:56:36+00:00,STORE_005,android,Customer enquiry — stock,stock
TKT_0000520,INC_001,2024-01-11T21:04:56+00:00,STORE_003,ios,Customer enquiry — returns,returns
TKT_0000521,INC_001,2024-01-11T21:36:57+00:00,STORE_003,desktop,Customer enquiry — stock,stock
TKT_0000522,INC_001,2024-01-11T22:29:22+00:00,STORE_004,ios,Customer enquiry — general,general
TKT_0000523,INC_001,2024-01-11T22:19:38+00:00,STORE_003,desktop,Customer enquiry — general,general
TKT_0000524,INC_001,2024-01-11T22:51:04+00:00,STORE_001,desktop,Customer enquiry — general,general
TKT_0000525,INC_001,2024-01-11T22:18:17+00:00,STORE_004,ios,Customer enquiry — general,general
TKT_0000526,INC_001,2024-01-11T22:13:13+00:00,STORE_001,android,Customer enquiry — returns,returns
TKT_0000527,INC_001,2024-01-11T23:32:15+00:00,STORE_002,android,Customer enquiry — general,general
TKT_0000528,INC_001,2024-01-11T23:03:16+00:00,STORE_001,desktop,Customer enquiry — returns,returns
TKT_0000529,INC_001,2024-01-12T00:46:59+00:00,STORE_005,desktop,Customer enquiry — returns,returns
TKT_0000530,INC_001,2024-01-12T00:42:24+00:00,STORE_002,android,Customer enquiry — stock,stock
TKT_0000531,INC_001,2024-01-12T00:28:26+00:00,STORE_003,android,Customer enquiry — returns,returns
TKT_0000532,INC_001,2024-01-12T00:15:23+00:00,STORE_003,android,Customer enquiry — general,general
TKT_0000533,INC_001,2024-01-12T00:06:28+00:00,STORE_002,android,Customer enquiry — returns,returns
TKT_0000534,INC_001,2024-01-12T00:00:12+00:00,STORE_001,ios,Customer enquiry — stock,stock
TKT_0000535,INC_001,2024-01-12T00:47:55+00:00,STORE_002,ios,Customer enquiry — returns,returns
TKT_0000536,INC_001,2024-01-12T00:56:46+00:00,STORE_004,android,Customer enquiry — general,general
TKT_0000537,INC_001,2024-01-12T01:57:03+00:00,STORE_003,desktop,Customer enquiry — general,general
TKT_0000538,INC_001,2024-01-12T01:10:11+00:00,STORE_002,android,Customer enquiry — general,general
TKT_0000539,INC_001,2024-01-12T01:56:44+00:00,STORE_004,desktop,Customer enquiry — stock,stock
TKT_0000540,INC_001,2024-01-12T01:21:49+00:00,STORE_001,ios,Customer enquiry — returns,returns
TKT_0000541,INC_001,2024-01-12T01:23:20+00:00,STORE_003,desktop,Customer enquiry — returns,returns
TKT_0000542,INC_001,2024-01-12T01:16:33+00:00,STORE_002,ios,Customer enquiry — stock,stock
TKT_0000543,INC_001,2024-01-12T02:37:57+00:00,STORE_002,android,Customer enquiry — stock,stock
TKT_0000544,INC_001,2024-01-12T02:42:04+00:00,STORE_005,android,Customer enquiry — returns,returns
TKT_0000545,INC_001,2024-01-12T02:05:54+00:00,STORE_001,android,Customer enquiry — general,general
TKT_0000546,INC_001,2024-01-12T02:14:35+00:00,STORE_001,desktop,Customer enquiry — stock,stock
TKT_0000547,INC_001,2024-01-12T02:43:12+00:00,STORE_003,ios,Customer enquiry — stock,stock
TKT_0000548,INC_001,2024-01-12T02:18:09+00:00,STORE_001,ios,Customer enquiry — returns,returns
TKT_0000549,INC_001,2024-01-12T02:46:15+00:00,STORE_005,desktop,Customer enquiry — returns,returns
TKT_0000550,INC_001,2024-01-12T02:27:09+00:00,STORE_004,android,Customer enquiry — stock,stock
TKT_0000551,INC_001,2024-01-12T02:37:50+00:00,STORE_003,desktop,Customer enquiry — general,general
TKT_0000552,INC_001,2024-01-12T02:33:48+00:00,STORE_001,ios,Customer enquiry — stock,stock
TKT_0000553,INC_001,2024-01-12T03:49:51+00:00,STORE_002,ios,Customer enquiry — returns,returns
TKT_0000554,INC_001,2024-01-12T03:09:12+00:00,STORE_004,ios,Customer enquiry — general,general
TKT_0000555,INC_001,2024-01-12T03:13:14+00:00,STORE_005,android,Customer enquiry — general,general
TKT_0000556,INC_001,2024-01-12T04:56:35+00:00,STORE_002,desktop,Customer enquiry — stock,stock
TKT_0000557,INC_001,2024-01-12T04:58:16+00:00,STORE_005,desktop,Customer enquiry — returns,returns
TKT_0000558,INC_001,2024-01-12T04:21:50+00:00,STORE_004,android,Customer enquiry — stock,stock
TKT_0000559,INC_001,2024-01-12T04:50:50+00:00,STORE_003,desktop,Customer enquiry — stock,stock
TKT_0000560,INC_001,2024-01-12T04:22:02+00:00,STORE_001,android,Customer enquiry — general,general
TKT_0000561,INC_001,2024-01-12T04:51:34+00:00,STORE_004,ios,Customer enquiry — general,general
TKT_0000562,INC_001,2024-01-12T04:54:27+00:00,STORE_002,ios,Customer enquiry — general,general
TKT_0000563,INC_001,2024-01-12T05:43:23+00:00,STORE_001,ios,Customer enquiry — general,general
TKT_0000564,INC_001,2024-01-12T05:00:38+00:00,STORE_002,android,Customer enquiry — returns,returns
TKT_0000565,INC_001,2024-01-12T06:33:43+00:00,STORE_001,android,Customer enquiry — general,general
TKT_0000566,INC_001,2024-01-12T06:36:33+00:00,STORE_005,ios,Customer enquiry — general,general
TKT_0000567,INC_001,2024-01-12T06:08:57+00:00,STORE_003,android,Customer enquiry — stock,stock
TKT_0000568,INC_001,2024-01-12T06:35:36+00:00,STORE_002,android,Customer enquiry — stock,stock
TKT_0000569,INC_001,2024-01-12T06:31:24+00:00,STORE_003,desktop,Customer enquiry — general,general
TKT_0000570,INC_001,2024-01-12T06:56:52+00:00,STORE_001,android,Customer enquiry — general,general
TKT_0000571,INC_001,2024-01-12T07:18:31+00:00,STORE_002,android,Customer enquiry — stock,stock
TKT_0000572,INC_001,2024-01-12T07:55:15+00:00,STORE_001,android,Customer enquiry — stock,stock
TKT_0000573,INC_001,2024-01-12T07:38:14+00:00,STORE_002,ios,Customer enquiry — stock,stock
TKT_0000574,INC_001,2024-01-12T07:09:26+00:00,STORE_001,desktop,Customer enquiry — general,general
TKT_0000575,INC_001,2024-01-12T07:31:52+00:00,STORE_003,desktop,Customer enquiry — returns,returns
TKT_0000576,INC_001,2024-01-12T08:03:50+00:00,STORE_002,ios,Customer enquiry — returns,returns
TKT_0000577,INC_001,2024-01-12T08:51:20+00:00,STORE_005,android,Customer enquiry — stock,stock
TKT_0000578,INC_001,2024-01-12T08:22:50+00:00,STORE_003,android,Customer enquiry — returns,returns
TKT_0000579,INC_001,2024-01-12T08:01:40+00:00,STORE_002,ios,Customer enquiry — returns,returns
TKT_0000580,INC_001,2024-01-12T08:13:46+00:00,STORE_001,android,Customer enquiry — returns,returns
TKT_0000581,INC_001,2024-01-12T08:29:24+00:00,STORE_005,android,Customer enquiry — general,general
TKT_0000582,INC_001,2024-01-12T09:40:08+00:00,STORE_002,desktop,Customer enquiry — returns,returns
TKT_0000583,INC_001,2024-01-12T09:19:05+00:00,STORE_004,android,Customer enquiry — general,general
TKT_0000584,INC_001,2024-01-12T09:48:02+00:00,STORE_005,android,Customer enquiry — general,general
TKT_0000585,INC_001,2024-01-12T09:13:46+00:00,STORE_005,ios,Customer enquiry — stock,stock
TKT_0000586,INC_001,2024-01-12T09:31:59+00:00,STORE_005,android,Customer enquiry — stock,stock
TKT_0000587,INC_001,2024-01-12T10:23:11+00:00,STORE_001,android,Customer enquiry — returns,returns
TKT_0000588,INC_001,2024-01-12T10:57:19+00:00,STORE_005,ios,Customer enquiry — general,general
TKT_0000589,INC_001,2024-01-12T10:32:15+00:00,STORE_004,android,Customer enquiry — general,general
TKT_0000590,INC_001,2024-01-12T10:22:57+00:00,STORE_004,android,Customer enquiry — returns,returns
TKT_0000591,INC_001,2024-01-12T10:58:02+00:00,STORE_004,android,Customer enquiry — general,general
TKT_0000592,INC_001,2024-01-12T10:48:37+00:00,STORE_001,android,Customer enquiry — stock,stock
TKT_0000593,INC_001,2024-01-12T10:18:53+00:00,STORE_002,ios,Customer enquiry — general,general
TKT_0000594,INC_001,2024-01-12T11:06:22+00:00,STORE_001,ios,Customer enquiry — general,general
TKT_0000595,INC_001,2024-01-12T11:45:07+00:00,STORE_001,desktop,Customer enquiry — general,general
TKT_0000596,INC_001,2024-01-12T11:21:49+00:00,STORE_003,desktop,Customer enquiry — stock,stock
TKT_0000597,INC_001,2024-01-12T11:43:43+00:00,STORE_004,desktop,Customer enquiry — returns,returns
TKT_0000598,INC_001,2024-01-12T11:25:09+00:00,STORE_005,desktop,Customer enquiry — returns,returns
TKT_0000599,INC_001,2024-01-12T12:25:57+00:00,STORE_002,desktop,Customer enquiry — stock,stock
TKT_0000600,INC_001,2024-01-12T12:08:13+00:00,STORE_003,ios,Customer enquiry — general,general
TKT_0000601,INC_001,2024-01-12T12:41:23+00:00,STORE_004,android,Customer enquiry — general,general
TKT_0000602,INC_001,2024-01-12T13:56:12+00:00,STORE_003,desktop,Customer enquiry — returns,returns
TKT_0000603,INC_001,2024-01-12T13:08:08+00:00,STORE_005,ios,Customer enquiry — general,general
TKT_0000604,INC_001,2024-01-12T13:30:01+00:00,STORE_001,ios,Customer enquiry — stock,stock
TKT_0000605,INC_001,2024-01-12T13:52:17+00:00,STORE_004,ios,Customer enquiry — returns,returns
TKT_0000606,INC_001,2024-01-12T13:49:48+00:00,STORE_005,ios,Customer enquiry — stock,stock
TKT_0000607,INC_001,2024-01-12T13:29:42+00:00,STORE_004,desktop,Customer enquiry — stock,stock
TKT_0000608,INC_001,2024-01-12T13:36:38+00:00,STORE_001,ios,Customer enquiry — returns,returns
TKT_0000609,INC_001,2024-01-12T13:01:25+00:00,STORE_001,android,Customer enquiry — general,general
TKT_0000610,INC_001,2024-01-12T14:45:44+00:00,STORE_005,android,Customer enquiry — general,general
TKT_0000611,INC_001,2024-01-12T14:25:33+00:00,STORE_002,desktop,Customer enquiry — general,general
TKT_0000612,INC_001,2024-01-12T14:20:57+00:00,STORE_005,android,Customer enquiry — general,general
TKT_0000613,INC_001,2024-01-12T14:21:34+00:00,STORE_002,desktop,Customer enquiry — returns,returns
TKT_0000614,INC_001,2024-01-12T14:01:02+00:00,STORE_005,desktop,Customer enquiry — general,general
TKT_0000615,INC_001,2024-01-12T14:10:01+00:00,STORE_003,ios,Customer enquiry — stock,stock
TKT_0000616,INC_001,2024-01-12T15:54:55+00:00,STORE_001,android,Customer enquiry — general,general
TKT_0000617,INC_001,2024-01-12T15:14:20+00:00,STORE_002,android,Customer enquiry — general,general
TKT_0000618,INC_001,2024-01-12T15:38:31+00:00,STORE_002,ios,Customer enquiry — returns,returns
TKT_0000619,INC_001,2024-01-12T16:52:21+00:00,STORE_002,android,Customer enquiry — general,general
TKT_0000620,INC_001,2024-01-12T16:53:11+00:00,STORE_003,desktop,Customer enquiry — general,general
TKT_0000621,INC_001,2024-01-12T16:10:03+00:00,STORE_002,android,Customer enquiry — general,general
TKT_0000622,INC_001,2024-01-12T16:58:12+00:00,STORE_003,desktop,Customer enquiry — stock,stock
TKT_0000623,INC_001,2024-01-12T16:32:04+00:00,STORE_001,android,Customer enquiry — returns,returns
TKT_0000624,INC_001,2024-01-12T17:34:34+00:00,STORE_004,ios,Customer enquiry — general,general
TKT_0000625,INC_001,2024-01-12T17:22:00+00:00,STORE_002,ios,Customer enquiry — returns,returns
TKT_0000626,INC_001,2024-01-12T17:16:48+00:00,STORE_005,ios,Customer enquiry — general,general
TKT_0000627,INC_001,2024-01-12T18:33:10+00:00,STORE_004,ios,Customer enquiry — returns,returns
TKT_0000628,INC_001,2024-01-12T18:33:05+00:00,STORE_002,ios,Customer enquiry — returns,returns
TKT_0000629,INC_001,2024-01-12T18:41:25+00:00,STORE_003,ios,Customer enquiry — stock,stock
TKT_0000630,INC_001,2024-01-12T19:09:11+00:00,STORE_002,android,Customer enquiry — returns,returns
TKT_0000631,INC_001,2024-01-12T19:52:46+00:00,STORE_005,desktop,Customer enquiry — stock,stock
TKT_0000632,INC_001,2024-01-12T19:49:24+00:00,STORE_003,desktop,Customer enquiry — stock,stock
TKT_0000633,INC_001,2024-01-12T19:54:25+00:00,STORE_005,ios,Customer enquiry — general,general
TKT_0000634,INC_001,2024-01-12T19:52:43+00:00,STORE_001,desktop,Customer enquiry — stock,stock
TKT_0000635,INC_001,2024-01-12T19:27:56+00:00,STORE_002,ios,Customer enquiry — general,general
TKT_0000636,INC_001,2024-01-12T19:42:40+00:00,STORE_003,ios,Customer enquiry — general,general
TKT_0000637,INC_001,2024-01-12T19:48:09+00:00,STORE_004,ios,Customer enquiry — returns,returns
TKT_0000638,INC_001,2024-01-12T19:52:33+00:00,STORE_001,desktop,Customer enquiry — general,general
TKT_0000639,INC_001,2024-01-12T19:05:17+00:00,STORE_004,ios,Customer enquiry — stock,stock
TKT_0000640,INC_001,2024-01-12T19:53:06+00:00,STORE_001,ios,Customer enquiry — returns,returns
TKT_0000641,INC_001,2024-01-12T20:27:06+00:00,STORE_004,ios,Customer enquiry — stock,stock
TKT_0000642,INC_001,2024-01-12T21:08:06+00:00,STORE_001,android,Customer enquiry — general,general
TKT_0000643,INC_001,2024-01-12T21:34:51+00:00,STORE_004,ios,Customer enquiry — stock,stock
TKT_0000644,INC_001,2024-01-12T22:42:07+00:00,STORE_005,android,Customer enquiry — stock,stock
TKT_0000645,INC_001,2024-01-12T22:20:33+00:00,STORE_001,android,Customer enquiry — stock,stock
TKT_0000646,INC_001,2024-01-12T22:45:48+00:00,STORE_003,desktop,Customer enquiry — returns,returns
TKT_0000647,INC_001,2024-01-12T22:06:55+00:00,STORE_001,ios,Customer enquiry — returns,returns
TKT_0000648,INC_001,2024-01-12T23:17:43+00:00,STORE_004,desktop,Customer enquiry — general,general
TKT_0000649,INC_001,2024-01-12T23:46:28+00:00,STORE_001,android,Customer enquiry — returns,returns
TKT_0000650,INC_001,2024-01-13T00:02:09+00:00,STORE_001,ios,Customer enquiry — general,general
TKT_0000651,INC_001,2024-01-13T00:01:17+00:00,STORE_002,ios,Customer enquiry — returns,returns
TKT_0000652,INC_001,2024-01-13T00:12:12+00:00,STORE_002,android,Customer enquiry — general,general
TKT_0000653,INC_001,2024-01-13T00:20:29+00:00,STORE_002,ios,Customer enquiry — returns,returns
TKT_0000654,INC_001,2024-01-13T01:27:27+00:00,STORE_002,desktop,Customer enquiry — returns,returns
TKT_0000655,INC_001,2024-01-13T01:06:20+00:00,STORE_001,ios,Customer enquiry — returns,returns
TKT_0000656,INC_001,2024-01-13T01:18:07+00:00,STORE_003,desktop,Customer enquiry — returns,returns
TKT_0000657,INC_001,2024-01-13T01:47:12+00:00,STORE_001,ios,Customer enquiry — returns,returns
TKT_0000658,INC_001,2024-01-13T01:46:07+00:00,STORE_001,desktop,Customer enquiry — general,general
TKT_0000659,INC_001,2024-01-13T02:31:32+00:00,STORE_002,android,Customer enquiry — stock,stock
TKT_0000660,INC_001,2024-01-13T02:34:27+00:00,STORE_002,desktop,Customer enquiry — returns,returns
TKT_0000661,INC_001,2024-01-13T02:51:25+00:00,STORE_003,ios,Customer enquiry — stock,stock
TKT_0000662,INC_001,2024-01-13T02:12:22+00:00,STORE_005,desktop,Customer enquiry — returns,returns
TKT_0000663,INC_001,2024-01-13T02:52:40+00:00,STORE_005,desktop,Customer enquiry — stock,stock
TKT_0000664,INC_001,2024-01-13T02:20:53+00:00,STORE_002,android,Customer enquiry — returns,returns
TKT_0000665,INC_001,2024-01-13T03:21:28+00:00,STORE_005,ios,Customer enquiry — general,general
TKT_0000666,INC_001,2024-01-13T03:54:00+00:00,STORE_001,ios,Customer enquiry — stock,stock
TKT_0000667,INC_001,2024-01-13T03:07:59+00:00,STORE_002,desktop,Customer enquiry — stock,stock
TKT_0000668,INC_001,2024-01-13T03:16:44+00:00,STORE_001,android,Customer enquiry — returns,returns
TKT_0000669,INC_001,2024-01-13T04:10:02+00:00,STORE_001,ios,Customer enquiry — stock,stock
TKT_0000670,INC_001,2024-01-13T04:29:30+00:00,STORE_004,android,Customer enquiry — stock,stock
TKT_0000671,INC_001,2024-01-13T04:31:48+00:00,STORE_001,ios,Customer enquiry — general,general
TKT_0000672,INC_001,2024-01-13T04:46:19+00:00,STORE_001,desktop,Customer enquiry — general,general
TKT_0000673,INC_001,2024-01-13T04:54:30+00:00,STORE_001,android,Customer enquiry — stock,stock
TKT_0000674,INC_001,2024-01-13T05:04:32+00:00,STORE_004,android,Customer enquiry — general,general
TKT_0000675,INC_001,2024-01-13T05:01:26+00:00,STORE_002,ios,Customer enquiry — stock,stock
TKT_0000676,INC_001,2024-01-13T05:05:16+00:00,STORE_004,android,Customer enquiry — stock,stock
TKT_0000677,INC_001,2024-01-13T05:43:00+00:00,STORE_002,android,Customer enquiry — stock,stock
TKT_0000678,INC_001,2024-01-13T05:41:46+00:00,STORE_005,ios,Customer enquiry — stock,stock
TKT_0000679,INC_001,2024-01-13T06:33:34+00:00,STORE_004,ios,Customer enquiry — stock,stock
TKT_0000680,INC_001,2024-01-13T06:17:00+00:00,STORE_005,ios,Customer enquiry — stock,stock
TKT_0000681,INC_001,2024-01-13T06:33:47+00:00,STORE_005,ios,Customer enquiry — stock,stock
TKT_0000682,INC_001,2024-01-13T06:33:35+00:00,STORE_005,ios,Customer enquiry — general,general
TKT_0000683,INC_001,2024-01-13T06:13:32+00:00,STORE_002,android,Customer enquiry — stock,stock
TKT_0000684,INC_001,2024-01-13T06:09:25+00:00,STORE_001,ios,Customer enquiry — returns,returns
TKT_0000685,INC_001,2024-01-13T07:58:03+00:00,STORE_005,android,Customer enquiry — general,general
TKT_0000686,INC_001,2024-01-13T07:47:06+00:00,STORE_002,ios,Customer enquiry — returns,returns
TKT_0000687,INC_001,2024-01-13T07:10:31+00:00,STORE_003,android,Customer enquiry — returns,returns
TKT_0000688,INC_001,2024-01-13T07:43:41+00:00,STORE_005,android,Customer enquiry — returns,returns
TKT_0000689,INC_001,2024-01-13T07:42:10+00:00,STORE_004,desktop,Customer enquiry — returns,returns
TKT_0000690,INC_001,2024-01-13T07:25:34+00:00,STORE_004,desktop,Customer enquiry — general,general
TKT_0000691,INC_001,2024-01-13T07:36:03+00:00,STORE_005,desktop,Customer enquiry — stock,stock
TKT_0000692,INC_001,2024-01-13T07:42:54+00:00,STORE_001,android,Customer enquiry — general,general
TKT_0000693,INC_001,2024-01-13T08:19:51+00:00,STORE_001,desktop,Customer enquiry — returns,returns
TKT_0000694,INC_001,2024-01-13T08:56:37+00:00,STORE_002,desktop,Customer enquiry — stock,stock
TKT_0000695,INC_001,2024-01-13T08:20:10+00:00,STORE_005,ios,Customer enquiry — returns,returns
TKT_0000696,INC_001,2024-01-13T08:01:43+00:00,STORE_003,android,Customer enquiry — returns,returns
TKT_0000697,INC_001,2024-01-13T09:37:41+00:00,STORE_004,ios,Customer enquiry — general,general
TKT_0000698,INC_001,2024-01-13T09:22:34+00:00,STORE_003,android,Customer enquiry — stock,stock
TKT_0000699,INC_001,2024-01-13T09:14:27+00:00,STORE_001,ios,Customer enquiry — stock,stock
TKT_0000700,INC_001,2024-01-13T09:02:32+00:00,STORE_004,desktop,Customer enquiry — returns,returns
TKT_0000701,INC_001,2024-01-13T09:48:33+00:00,STORE_002,desktop,Customer enquiry — general,general
TKT_0000702,INC_001,2024-01-13T10:08:10+00:00,STORE_005,ios,Customer enquiry — returns,returns
TKT_0000703,INC_001,2024-01-13T10:32:51+00:00,STORE_002,ios,Customer enquiry — returns,returns
TKT_0000704,INC_001,2024-01-13T10:08:21+00:00,STORE_003,desktop,Customer enquiry — general,general
TKT_0000705,INC_001,2024-01-13T10:57:37+00:00,STORE_002,ios,Customer enquiry — general,general
TKT_0000706,INC_001,2024-01-13T10:33:01+00:00,STORE_002,android,Customer enquiry — stock,stock
TKT_0000707,INC_001,2024-01-13T10:10:11+00:00,STORE_003,android,Customer enquiry — stock,stock
TKT_0000708,INC_001,2024-01-13T11:00:36+00:00,STORE_001,ios,Customer enquiry — returns,returns
TKT_0000709,INC_001,2024-01-13T11:48:56+00:00,STORE_002,desktop,Customer enquiry — returns,returns
TKT_0000710,INC_001,2024-01-13T11:59:11+00:00,STORE_003,android,Customer enquiry — stock,stock
TKT_0000711,INC_001,2024-01-13T11:29:16+00:00,STORE_004,desktop,Customer enquiry — returns,returns
TKT_0000712,INC_001,2024-01-13T12:09:49+00:00,STORE_005,android,Customer enquiry — stock,stock
TKT_0000713,INC_001,2024-01-13T12:17:37+00:00,STORE_005,ios,Customer enquiry — general,general
TKT_0000714,INC_001,2024-01-13T12:00:31+00:00,STORE_003,ios,Customer enquiry — stock,stock
TKT_0000715,INC_001,2024-01-13T12:59:37+00:00,STORE_002,ios,Customer enquiry — returns,returns
TKT_0000716,INC_001,2024-01-13T12:34:18+00:00,STORE_005,desktop,Customer enquiry — returns,returns
TKT_0000717,INC_001,2024-01-13T12:23:38+00:00,STORE_004,ios,Customer enquiry — returns,returns
TKT_0000718,INC_001,2024-01-13T13:50:22+00:00,STORE_003,ios,Customer enquiry — general,general
TKT_0000719,INC_001,2024-01-13T13:41:02+00:00,STORE_003,desktop,Customer enquiry — returns,returns
TKT_0000720,INC_001,2024-01-13T13:09:45+00:00,STORE_003,desktop,Customer enquiry — returns,returns
TKT_0000721,INC_001,2024-01-13T13:02:43+00:00,STORE_004,ios,Customer enquiry — returns,returns
TKT_0000722,INC_001,2024-01-13T13:58:21+00:00,STORE_003,android,Customer enquiry — stock,stock
TKT_0000723,INC_001,2024-01-13T14:46:47+00:00,STORE_005,android,Customer enquiry — general,general
TKT_0000724,INC_001,2024-01-13T14:38:03+00:00,STORE_001,ios,Customer enquiry — general,general
TKT_0000725,INC_001,2024-01-13T15:49:52+00:00,STORE_004,ios,Customer enquiry — general,general
TKT_0000726,INC_001,2024-01-13T15:22:48+00:00,STORE_005,android,Customer enquiry — returns,returns
TKT_0000727,INC_001,2024-01-13T15:50:11+00:00,STORE_002,desktop,Customer enquiry — general,general
TKT_0000728,INC_001,2024-01-13T15:11:59+00:00,STORE_001,ios,Customer enquiry — general,general
TKT_0000729,INC_001,2024-01-13T16:47:19+00:00,STORE_002,ios,Customer enquiry — general,general
TKT_0000730,INC_001,2024-01-13T16:36:49+00:00,STORE_005,android,Customer enquiry — general,general
TKT_0000731,INC_001,2024-01-13T16:27:32+00:00,STORE_002,desktop,Customer enquiry — general,general
TKT_0000732,INC_001,2024-01-13T16:56:02+00:00,STORE_001,desktop,Customer enquiry — stock,stock
TKT_0000733,INC_001,2024-01-13T16:36:16+00:00,STORE_005,android,Customer enquiry — returns,returns
TKT_0000734,INC_001,2024-01-13T16:27:59+00:00,STORE_004,desktop,Customer enquiry — returns,returns
TKT_0000735,INC_001,2024-01-13T16:25:18+00:00,STORE_001,desktop,Customer enquiry — returns,returns
TKT_0000736,INC_001,2024-01-13T16:08:11+00:00,STORE_005,android,Customer enquiry — returns,returns
TKT_0000737,INC_001,2024-01-13T17:37:48+00:00,STORE_003,desktop,Customer enquiry — returns,returns
TKT_0000738,INC_001,2024-01-13T17:53:12+00:00,STORE_003,android,Customer enquiry — returns,returns
TKT_0000739,INC_001,2024-01-13T17:07:51+00:00,STORE_004,desktop,Customer enquiry — returns,returns
TKT_0000740,INC_001,2024-01-13T17:17:04+00:00,STORE_004,desktop,Customer enquiry — returns,returns
TKT_0000741,INC_001,2024-01-13T17:18:07+00:00,STORE_005,desktop,Customer enquiry — stock,stock
TKT_0000742,INC_001,2024-01-13T17:41:25+00:00,STORE_005,android,Customer enquiry — returns,returns
TKT_0000743,INC_001,2024-01-13T17:37:50+00:00,STORE_003,desktop,Customer enquiry — returns,returns
TKT_0000744,INC_001,2024-01-13T17:31:57+00:00,STORE_002,ios,Customer enquiry — returns,returns
TKT_0000745,INC_001,2024-01-13T18:30:00+00:00,STORE_003,android,Customer enquiry — returns,returns
TKT_0000746,INC_001,2024-01-13T18:34:45+00:00,STORE_005,android,Customer enquiry — stock,stock
TKT_0000747,INC_001,2024-01-13T18:29:20+00:00,STORE_003,android,Customer enquiry — general,general
TKT_0000748,INC_001,2024-01-13T18:24:42+00:00,STORE_002,android,Customer enquiry — returns,returns
TKT_0000749,INC_001,2024-01-13T18:02:43+00:00,STORE_002,ios,Customer enquiry — stock,stock
TKT_0000750,INC_001,2024-01-13T18:39:35+00:00,STORE_003,android,Customer enquiry — stock,stock
TKT_0000751,INC_001,2024-01-13T19:37:01+00:00,STORE_004,ios,Customer enquiry — general,general
TKT_0000752,INC_001,2024-01-13T19:52:41+00:00,STORE_002,ios,Customer enquiry — general,general
TKT_0000753,INC_001,2024-01-13T19:27:49+00:00,STORE_001,desktop,Customer enquiry — stock,stock
TKT_0000754,INC_001,2024-01-13T19:57:52+00:00,STORE_004,android,Customer enquiry — general,general
TKT_0000755,INC_001,2024-01-13T19:46:07+00:00,STORE_005,ios,Customer enquiry — general,general
TKT_0000756,INC_001,2024-01-13T19:07:53+00:00,STORE_005,android,Customer enquiry — stock,stock
TKT_0000757,INC_001,2024-01-13T19:20:01+00:00,STORE_002,android,Customer enquiry — stock,stock
TKT_0000758,INC_001,2024-01-13T20:01:48+00:00,STORE_004,android,Customer enquiry — general,general
TKT_0000759,INC_001,2024-01-13T20:50:07+00:00,STORE_003,ios,Customer enquiry — general,general
TKT_0000760,INC_001,2024-01-13T20:03:46+00:00,STORE_005,android,Customer enquiry — returns,returns
TKT_0000761,INC_001,2024-01-13T20:55:59+00:00,STORE_001,ios,Customer enquiry — stock,stock
TKT_0000762,INC_001,2024-01-13T20:13:19+00:00,STORE_003,android,Customer enquiry — returns,returns
TKT_0000763,INC_001,2024-01-13T20:52:18+00:00,STORE_003,ios,Customer enquiry — general,general
TKT_0000764,INC_001,2024-01-13T21:15:37+00:00,STORE_002,android,Customer enquiry — stock,stock
TKT_0000765,INC_001,2024-01-13T21:56:58+00:00,STORE_005,ios,Customer enquiry — general,general
TKT_0000766,INC_001,2024-01-13T21:38:37+00:00,STORE_005,desktop,Customer enquiry — returns,returns
TKT_0000767,INC_001,2024-01-13T21:38:33+00:00,STORE_001,android,Customer enquiry — general,general
TKT_0000768,INC_001,2024-01-13T21:28:25+00:00,STORE_001,ios,Customer enquiry — stock,stock
TKT_0000769,INC_001,2024-01-13T21:18:49+00:00,STORE_003,desktop,Customer enquiry — returns,returns
TKT_0000770,INC_001,2024-01-13T21:09:50+00:00,STORE_002,ios,Customer enquiry — general,general
TKT_0000771,INC_001,2024-01-13T21:55:43+00:00,STORE_003,android,Customer enquiry — returns,returns
TKT_0000772,INC_001,2024-01-13T22:09:29+00:00,STORE_005,android,Customer enquiry — stock,stock
TKT_0000773,INC_001,2024-01-13T22:19:12+00:00,STORE_002,android,Customer enquiry — stock,stock
TKT_0000774,INC_001,2024-01-13T22:44:27+00:00,STORE_003,ios,Customer enquiry — stock,stock
TKT_0000775,INC_001,2024-01-13T22:25:33+00:00,STORE_002,ios,Customer enquiry — stock,stock
TKT_0000776,INC_001,2024-01-13T23:16:07+00:00,STORE_002,android,Customer enquiry — returns,returns
TKT_0000777,INC_001,2024-01-13T23:27:54+00:00,STORE_002,android,Customer enquiry — returns,returns
TKT_0000778,INC_001,2024-01-13T23:27:29+00:00,STORE_002,android,Customer enquiry — returns,returns
TKT_0000779,INC_001,2024-01-13T23:09:19+00:00,STORE_003,android,Customer enquiry — general,general
TKT_0000780,INC_001,2024-01-13T23:35:23+00:00,STORE_004,desktop,Customer enquiry — stock,stock
TKT_0000781,INC_001,2024-01-14T00:04:38+00:00,STORE_004,desktop,Customer enquiry — returns,returns
TKT_0000782,INC_001,2024-01-14T00:06:01+00:00,STORE_002,ios,Customer enquiry — returns,returns
TKT_0000783,INC_001,2024-01-14T00:56:32+00:00,STORE_005,ios,Customer enquiry — stock,stock
TKT_0000784,INC_001,2024-01-14T00:38:54+00:00,STORE_002,ios,Customer enquiry — stock,stock
TKT_0000785,INC_001,2024-01-14T00:52:17+00:00,STORE_004,ios,Customer enquiry — stock,stock
TKT_0000786,INC_001,2024-01-14T00:36:15+00:00,STORE_002,ios,Customer enquiry — general,general
TKT_0000787,INC_001,2024-01-14T00:35:44+00:00,STORE_002,android,Customer enquiry — stock,stock
TKT_0000788,INC_001,2024-01-14T00:15:52+00:00,STORE_004,desktop,Customer enquiry — general,general
TKT_0000789,INC_001,2024-01-14T00:21:54+00:00,STORE_005,android,Customer enquiry — stock,stock
TKT_0000790,INC_001,2024-01-14T01:02:34+00:00,STORE_002,desktop,Customer enquiry — stock,stock
TKT_0000791,INC_001,2024-01-14T01:12:43+00:00,STORE_005,ios,Customer enquiry — returns,returns
TKT_0000792,INC_001,2024-01-14T01:03:21+00:00,STORE_004,ios,Customer enquiry — returns,returns
TKT_0000793,INC_001,2024-01-14T01:30:13+00:00,STORE_002,ios,Customer enquiry — returns,returns
TKT_0000794,INC_001,2024-01-14T02:02:00+00:00,STORE_004,android,Customer enquiry — returns,returns
TKT_0000795,INC_001,2024-01-14T02:42:02+00:00,STORE_005,desktop,Customer enquiry — returns,returns
TKT_0000796,INC_001,2024-01-14T02:26:19+00:00,STORE_002,ios,Customer enquiry — stock,stock
TKT_0000797,INC_001,2024-01-14T03:41:55+00:00,STORE_001,android,Customer enquiry — returns,returns
TKT_0000798,INC_001,2024-01-14T03:55:56+00:00,STORE_002,desktop,Customer enquiry — stock,stock
TKT_0000799,INC_001,2024-01-14T03:42:12+00:00,STORE_002,ios,Customer enquiry — stock,stock
TKT_0000800,INC_001,2024-01-14T03:50:10+00:00,STORE_001,ios,Customer enquiry — general,general
TKT_0000801,INC_001,2024-01-14T04:23:17+00:00,STORE_001,ios,Customer enquiry — returns,returns
TKT_0000802,INC_001,2024-01-14T04:06:02+00:00,STORE_003,ios,Customer enquiry — general,general
TKT_0000803,INC_001,2024-01-14T04:43:54+00:00,STORE_002,desktop,Customer enquiry — stock,stock
TKT_0000804,INC_001,2024-01-14T04:20:57+00:00,STORE_004,ios,Customer enquiry — stock,stock
TKT_0000805,INC_001,2024-01-14T04:31:22+00:00,STORE_001,ios,Customer enquiry — stock,stock
TKT_0000806,INC_001,2024-01-14T04:05:05+00:00,STORE_003,ios,Customer enquiry — general,general
TKT_0000807,INC_001,2024-01-14T04:27:49+00:00,STORE_002,ios,Customer enquiry — stock,stock
TKT_0000808,INC_001,2024-01-14T04:30:15+00:00,STORE_004,android,Customer enquiry — returns,returns
TKT_0000809,INC_001,2024-01-14T05:39:36+00:00,STORE_001,ios,Customer enquiry — stock,stock
TKT_0000810,INC_001,2024-01-14T05:22:33+00:00,STORE_002,android,Customer enquiry — general,general
TKT_0000811,INC_001,2024-01-14T05:36:28+00:00,STORE_001,android,Customer enquiry — returns,returns
TKT_0000812,INC_001,2024-01-14T05:43:18+00:00,STORE_001,ios,Customer enquiry — stock,stock
TKT_0000813,INC_001,2024-01-14T05:31:05+00:00,STORE_004,ios,Customer enquiry — general,general
TKT_0000814,INC_001,2024-01-14T06:51:35+00:00,STORE_004,ios,Customer enquiry — returns,returns
TKT_0000815,INC_001,2024-01-14T07:41:08+00:00,STORE_003,android,Customer enquiry — general,general
TKT_0000816,INC_001,2024-01-14T07:49:13+00:00,STORE_002,desktop,Customer enquiry — stock,stock
TKT_0000817,INC_001,2024-01-14T07:46:47+00:00,STORE_005,android,Customer enquiry — stock,stock
TKT_0000818,INC_001,2024-01-14T07:27:37+00:00,STORE_002,ios,Customer enquiry — returns,returns
TKT_0000819,INC_001,2024-01-14T07:58:33+00:00,STORE_001,desktop,Customer enquiry — general,general
TKT_0000820,INC_001,2024-01-14T07:45:16+00:00,STORE_005,desktop,Customer enquiry — general,general
TKT_0000821,INC_001,2024-01-14T08:01:01+00:00,STORE_001,ios,Customer enquiry — general,general
TKT_0000822,INC_001,2024-01-14T08:40:20+00:00,STORE_005,android,Customer enquiry — stock,stock
TKT_0000823,INC_001,2024-01-14T08:28:04+00:00,STORE_005,ios,Customer enquiry — returns,returns
TKT_0000824,INC_001,2024-01-14T08:08:15+00:00,STORE_001,desktop,Customer enquiry — returns,returns
TKT_0000825,INC_001,2024-01-14T08:24:16+00:00,STORE_005,ios,Customer enquiry — general,general
TKT_0000826,INC_001,2024-01-14T08:53:44+00:00,STORE_001,ios,Customer enquiry — returns,returns
TKT_0000827,INC_001,2024-01-14T09:05:26+00:00,STORE_004,desktop,Customer enquiry — stock,stock
TKT_0000828,INC_001,2024-01-14T09:19:48+00:00,STORE_003,android,Customer enquiry — stock,stock
TKT_0000829,INC_001,2024-01-14T09:13:30+00:00,STORE_002,android,Customer enquiry — general,general
TKT_0000830,INC_001,2024-01-14T09:17:57+00:00,STORE_002,ios,Customer enquiry — returns,returns
TKT_0000831,INC_001,2024-01-14T09:25:29+00:00,STORE_002,ios,Customer enquiry — returns,returns
TKT_0000832,INC_001,2024-01-14T10:37:19+00:00,STORE_002,android,Customer enquiry — stock,stock
TKT_0000833,INC_001,2024-01-14T10:02:19+00:00,STORE_003,android,Customer enquiry — general,general
TKT_0000834,INC_001,2024-01-14T10:49:13+00:00,STORE_002,android,Customer enquiry — general,general
TKT_0000835,INC_001,2024-01-14T10:29:51+00:00,STORE_003,android,Customer enquiry — general,general
TKT_0000836,INC_001,2024-01-14T10:38:45+00:00,STORE_002,android,Customer enquiry — returns,returns
TKT_0000837,INC_001,2024-01-14T10:01:51+00:00,STORE_003,android,Customer enquiry — returns,returns
TKT_0000838,INC_001,2024-01-14T11:35:00+00:00,STORE_005,desktop,Customer enquiry — returns,returns
TKT_0000839,INC_001,2024-01-14T11:08:07+00:00,STORE_003,android,Customer enquiry — general,general
TKT_0000840,INC_001,2024-01-14T11:33:31+00:00,STORE_004,desktop,Customer enquiry — stock,stock
TKT_0000841,INC_001,2024-01-14T11:39:40+00:00,STORE_002,android,Customer enquiry — general,general
TKT_0000842,INC_001,2024-01-14T11:34:48+00:00,STORE_002,ios,Customer enquiry — returns,returns
TKT_0000843,INC_001,2024-01-14T11:47:38+00:00,STORE_004,ios,Customer enquiry — stock,stock
TKT_0000844,INC_001,2024-01-14T11:30:44+00:00,STORE_002,android,Customer enquiry — stock,stock
TKT_0000845,INC_001,2024-01-14T11:42:19+00:00,STORE_001,android,Customer enquiry — returns,returns
TKT_0000846,INC_001,2024-01-14T11:07:41+00:00,STORE_005,android,Customer enquiry — general,general
TKT_0000847,INC_001,2024-01-14T12:50:31+00:00,STORE_002,android,Customer enquiry — stock,stock
TKT_0000848,INC_001,2024-01-14T12:32:36+00:00,STORE_004,ios,Customer enquiry — general,general
TKT_0000849,INC_001,2024-01-14T12:50:17+00:00,STORE_005,desktop,Customer enquiry — returns,returns
TKT_0000850,INC_001,2024-01-14T12:07:23+00:00,STORE_003,android,Customer enquiry — stock,stock
TKT_0000851,INC_001,2024-01-14T12:44:21+00:00,STORE_001,ios,Customer enquiry — stock,stock
TKT_0000852,INC_001,2024-01-14T12:31:24+00:00,STORE_004,android,Customer enquiry — general,general
TKT_0000853,INC_001,2024-01-14T12:00:06+00:00,STORE_005,android,Customer enquiry — stock,stock
TKT_0000854,INC_001,2024-01-14T12:23:41+00:00,STORE_002,android,Customer enquiry — general,general
TKT_0000855,INC_001,2024-01-14T13:52:54+00:00,STORE_003,desktop,Customer enquiry — stock,stock
TKT_0000856,INC_001,2024-01-14T13:39:24+00:00,STORE_002,desktop,Customer enquiry — stock,stock
TKT_0000857,INC_001,2024-01-14T13:29:24+00:00,STORE_005,ios,Customer enquiry — general,general
TKT_0000858,INC_001,2024-01-14T13:18:16+00:00,STORE_004,android,Customer enquiry — general,general
TKT_0000859,INC_001,2024-01-14T13:51:25+00:00,STORE_005,ios,Customer enquiry — returns,returns
TKT_0000860,INC_001,2024-01-14T13:50:23+00:00,STORE_003,ios,Customer enquiry — stock,stock
TKT_0000861,INC_001,2024-01-14T13:36:36+00:00,STORE_001,android,Customer enquiry — general,general
TKT_0000862,INC_001,2024-01-14T14:11:42+00:00,STORE_005,ios,Customer enquiry — general,general
TKT_0000863,INC_001,2024-01-14T14:12:34+00:00,STORE_004,android,Customer enquiry — returns,returns
TKT_0000864,INC_001,2024-01-14T14:27:08+00:00,STORE_001,android,Customer enquiry — returns,returns
TKT_0000865,INC_001,2024-01-14T14:52:27+00:00,STORE_001,ios,Customer enquiry — stock,stock
TKT_0000866,INC_001,2024-01-14T15:36:00+00:00,STORE_004,android,Customer enquiry — returns,returns
TKT_0000867,INC_001,2024-01-14T15:59:54+00:00,STORE_002,ios,Customer enquiry — stock,stock
TKT_0000868,INC_001,2024-01-14T15:29:21+00:00,STORE_002,desktop,Customer enquiry — general,general
TKT_0000869,INC_001,2024-01-14T15:13:34+00:00,STORE_004,desktop,Customer enquiry — returns,returns
TKT_0000870,INC_001,2024-01-14T15:39:23+00:00,STORE_002,desktop,Customer enquiry — general,general
TKT_0000871,INC_001,2024-01-14T15:24:23+00:00,STORE_002,desktop,Customer enquiry — returns,returns
TKT_0000872,INC_001,2024-01-14T15:27:30+00:00,STORE_004,android,Customer enquiry — stock,stock
TKT_0000873,INC_001,2024-01-14T16:58:18+00:00,STORE_005,android,Customer enquiry — general,general
TKT_0000874,INC_001,2024-01-14T16:20:53+00:00,STORE_001,desktop,Customer enquiry — stock,stock
TKT_0000875,INC_001,2024-01-14T16:19:45+00:00,STORE_003,android,Customer enquiry — stock,stock
TKT_0000876,INC_001,2024-01-14T16:59:25+00:00,STORE_001,android,Customer enquiry — stock,stock
TKT_0000877,INC_001,2024-01-14T16:50:53+00:00,STORE_004,ios,Customer enquiry — general,general
TKT_0000878,INC_001,2024-01-14T17:25:06+00:00,STORE_005,android,Customer enquiry — general,general
TKT_0000879,INC_001,2024-01-14T17:11:08+00:00,STORE_005,android,Customer enquiry — stock,stock
TKT_0000880,INC_001,2024-01-14T17:22:31+00:00,STORE_002,ios,Customer enquiry — general,general
TKT_0000881,INC_001,2024-01-14T17:35:24+00:00,STORE_005,ios,Customer enquiry — general,general
TKT_0000882,INC_001,2024-01-14T18:49:26+00:00,STORE_005,ios,Customer enquiry — general,general
TKT_0000883,INC_001,2024-01-14T18:26:54+00:00,STORE_005,android,Customer enquiry — returns,returns
TKT_0000884,INC_001,2024-01-14T18:13:49+00:00,STORE_004,android,Customer enquiry — general,general
TKT_0000885,INC_001,2024-01-14T18:43:31+00:00,STORE_002,android,Customer enquiry — general,general
TKT_0000886,INC_001,2024-01-14T18:47:10+00:00,STORE_004,desktop,Customer enquiry — stock,stock
TKT_0000887,INC_001,2024-01-14T18:45:13+00:00,STORE_002,ios,Customer enquiry — stock,stock
TKT_0000888,INC_001,2024-01-14T19:13:51+00:00,STORE_001,desktop,Customer enquiry — returns,returns
TKT_0000889,INC_001,2024-01-14T19:53:49+00:00,STORE_005,desktop,Customer enquiry — general,general
TKT_0000890,INC_001,2024-01-14T19:19:31+00:00,STORE_004,android,Customer enquiry — returns,returns
TKT_0000891,INC_001,2024-01-14T19:18:47+00:00,STORE_005,desktop,Customer enquiry — returns,returns
TKT_0000892,INC_001,2024-01-14T19:47:16+00:00,STORE_002,desktop,Customer enquiry — returns,returns
TKT_0000893,INC_001,2024-01-14T19:05:23+00:00,STORE_005,android,Customer enquiry — returns,returns
TKT_0000894,INC_001,2024-01-14T19:10:37+00:00,STORE_003,desktop,Customer enquiry — returns,returns
TKT_0000895,INC_001,2024-01-14T19:05:19+00:00,STORE_001,desktop,Customer enquiry — stock,stock
TKT_0000896,INC_001,2024-01-14T19:34:04+00:00,STORE_005,ios,Customer enquiry — general,general
TKT_0000897,INC_001,2024-01-14T20:03:43+00:00,STORE_002,android,Customer enquiry — general,general
TKT_0000898,INC_001,2024-01-14T20:21:40+00:00,STORE_004,android,Customer enquiry — returns,returns
TKT_0000899,INC_001,2024-01-14T20:57:32+00:00,STORE_004,desktop,Customer enquiry — returns,returns
TKT_0000900,INC_001,2024-01-14T21:31:41+00:00,STORE_001,android,Customer enquiry — returns,returns
TKT_0000901,INC_001,2024-01-14T21:35:11+00:00,STORE_001,ios,Customer enquiry — returns,returns
TKT_0000902,INC_001,2024-01-14T21:16:00+00:00,STORE_001,ios,Customer enquiry — returns,returns
TKT_0000903,INC_001,2024-01-14T22:13:20+00:00,STORE_004,desktop,Customer enquiry — stock,stock
TKT_0000904,INC_001,2024-01-14T22:34:07+00:00,STORE_003,ios,Customer enquiry — stock,stock
TKT_0000905,INC_001,2024-01-14T22:41:36+00:00,STORE_005,desktop,Customer enquiry — general,general
TKT_0000906,INC_001,2024-01-14T22:19:37+00:00,STORE_004,android,Customer enquiry — stock,stock
TKT_0000907,INC_001,2024-01-14T23:24:26+00:00,STORE_001,desktop,Customer enquiry — returns,returns
TKT_0000908,INC_001,2024-01-14T23:58:32+00:00,STORE_003,ios,Customer enquiry — stock,stock
TKT_0000909,INC_001,2024-01-15T00:40:18+00:00,STORE_005,android,Customer enquiry — returns,returns
TKT_0000910,INC_001,2024-01-15T00:54:05+00:00,STORE_003,android,Customer enquiry — returns,returns
TKT_0000911,INC_001,2024-01-15T00:32:18+00:00,STORE_001,desktop,Customer enquiry — stock,stock
TKT_0000912,INC_001,2024-01-15T00:48:00+00:00,STORE_003,desktop,Customer enquiry — stock,stock
TKT_0000913,INC_001,2024-01-15T00:11:38+00:00,STORE_002,android,Customer enquiry — returns,returns
TKT_0000914,INC_001,2024-01-15T00:34:33+00:00,STORE_005,ios,Customer enquiry — returns,returns
TKT_0000915,INC_001,2024-01-15T00:59:22+00:00,STORE_003,android,Customer enquiry — returns,returns
TKT_0000916,INC_001,2024-01-15T00:48:14+00:00,STORE_005,ios,Customer enquiry — stock,stock
TKT_0000917,INC_001,2024-01-15T00:36:47+00:00,STORE_002,desktop,Customer enquiry — stock,stock
TKT_0000918,INC_001,2024-01-15T00:14:45+00:00,STORE_005,android,Customer enquiry — stock,stock
TKT_0000919,INC_001,2024-01-15T00:30:08+00:00,STORE_002,ios,Customer enquiry — general,general
TKT_0000920,INC_001,2024-01-15T00:33:23+00:00,STORE_004,ios,Customer enquiry — general,general
TKT_0000921,INC_001,2024-01-15T01:31:27+00:00,STORE_001,ios,Customer enquiry — stock,stock
TKT_0000922,INC_001,2024-01-15T01:29:25+00:00,STORE_005,android,Customer enquiry — stock,stock
TKT_0000923,INC_001,2024-01-15T01:05:15+00:00,STORE_001,ios,Customer enquiry — stock,stock
TKT_0000924,INC_001,2024-01-15T01:20:44+00:00,STORE_005,android,Customer enquiry — returns,returns
TKT_0000925,INC_001,2024-01-15T02:59:33+00:00,STORE_002,ios,Customer enquiry — stock,stock
TKT_0000926,INC_001,2024-01-15T02:34:44+00:00,STORE_005,ios,Customer enquiry — returns,returns
TKT_0000927,INC_001,2024-01-15T02:00:16+00:00,STORE_001,ios,Customer enquiry — stock,stock
TKT_0000928,INC_001,2024-01-15T02:32:44+00:00,STORE_002,desktop,Customer enquiry — general,general
TKT_0000929,INC_001,2024-01-15T02:36:56+00:00,STORE_002,desktop,Customer enquiry — returns,returns
TKT_0000930,INC_001,2024-01-15T02:03:39+00:00,STORE_002,android,Customer enquiry — returns,returns
TKT_0000931,INC_001,2024-01-15T02:49:39+00:00,STORE_002,android,Customer enquiry — general,general
TKT_0000932,INC_001,2024-01-15T02:41:12+00:00,STORE_004,ios,Customer enquiry — returns,returns
TKT_0000933,INC_001,2024-01-15T02:41:04+00:00,STORE_002,android,Customer enquiry — stock,stock
TKT_0000934,INC_001,2024-01-15T03:04:50+00:00,STORE_004,android,Customer enquiry — general,general
TKT_0000935,INC_001,2024-01-15T03:11:47+00:00,STORE_001,android,Customer enquiry — returns,returns
TKT_0000936,INC_001,2024-01-15T04:32:29+00:00,STORE_001,desktop,Customer enquiry — returns,returns
TKT_0000937,INC_001,2024-01-15T04:46:09+00:00,STORE_001,ios,Customer enquiry — returns,returns
TKT_0000938,INC_001,2024-01-15T04:21:04+00:00,STORE_003,android,Customer enquiry — stock,stock
TKT_0000939,INC_001,2024-01-15T04:46:36+00:00,STORE_003,desktop,Customer enquiry — stock,stock
TKT_0000940,INC_001,2024-01-15T05:01:30+00:00,STORE_005,ios,Customer enquiry — returns,returns
TKT_0000941,INC_001,2024-01-15T05:09:52+00:00,STORE_001,ios,Customer enquiry — returns,returns
TKT_0000942,INC_001,2024-01-15T06:32:17+00:00,STORE_003,desktop,Customer enquiry — returns,returns
TKT_0000943,INC_001,2024-01-15T06:43:56+00:00,STORE_001,ios,Customer enquiry — general,general
TKT_0000944,INC_001,2024-01-15T06:07:26+00:00,STORE_004,ios,Customer enquiry — general,general
TKT_0000945,INC_001,2024-01-15T06:29:04+00:00,STORE_004,android,Customer enquiry — stock,stock
TKT_0000946,INC_001,2024-01-15T06:37:01+00:00,STORE_003,ios,Customer enquiry — general,general
TKT_0000947,INC_001,2024-01-15T06:00:35+00:00,STORE_003,desktop,Customer enquiry — general,general
TKT_0000948,INC_001,2024-01-15T06:18:48+00:00,STORE_002,android,Customer enquiry — general,general
TKT_0000949,INC_001,2024-01-15T07:50:08+00:00,STORE_005,android,Customer enquiry — general,general
TKT_0000950,INC_001,2024-01-15T07:04:24+00:00,STORE_002,ios,Customer enquiry — general,general
TKT_0000951,INC_001,2024-01-15T07:57:39+00:00,STORE_005,ios,Customer enquiry — returns,returns
TKT_0000952,INC_001,2024-01-15T07:51:32+00:00,STORE_005,android,Customer enquiry — general,general
TKT_0000953,INC_001,2024-01-15T07:16:33+00:00,STORE_004,android,Customer enquiry — stock,stock
TKT_0000954,INC_001,2024-01-15T07:48:21+00:00,STORE_002,ios,Customer enquiry — stock,stock
TKT_0000955,INC_001,2024-01-15T08:58:39+00:00,STORE_003,android,Customer enquiry — general,general
TKT_0000956,INC_001,2024-01-15T08:09:06+00:00,STORE_003,android,Customer enquiry — general,general
TKT_0000957,INC_001,2024-01-15T08:02:26+00:00,STORE_003,ios,Customer enquiry — stock,stock
TKT_0000958,INC_001,2024-01-15T09:30:00+00:00,STORE_003,ios,App crashed during payment,payment_failure
TKT_0000959,INC_001,2024-01-15T09:43:26+00:00,STORE_002,android,Payment declined but money held in account,payment_failure
TKT_0000960,INC_001,2024-01-15T09:47:04+00:00,STORE_002,desktop,Payment declined but money held in account,payment_failure
TKT_0000961,INC_001,2024-01-15T09:02:44+00:00,STORE_005,android,Transaction timed out at checkout,payment_failure
TKT_0000962,INC_001,2024-01-15T09:43:47+00:00,STORE_002,android,Payment failed on checkout,payment_failure
TKT_0000963,INC_001,2024-01-15T09:32:13+00:00,STORE_002,desktop,Payment failed on checkout,payment_failure
TKT_0000964,INC_001,2024-01-15T09:59:21+00:00,STORE_002,ios,Payment declined but money held in account,payment_failure
TKT_0000965,INC_001,2024-01-15T09:33:11+00:00,STORE_004,android,Payment failed on checkout,payment_failure
TKT_0000966,INC_001,2024-01-15T09:45:13+00:00,STORE_005,android,App crashed during payment,payment_failure
TKT_0000967,INC_001,2024-01-15T09:41:00+00:00,STORE_005,android,Card declined repeatedly,payment_failure
TKT_0000968,INC_001,2024-01-15T09:38:04+00:00,STORE_001,android,App crashed during payment,payment_failure
TKT_0000969,INC_001,2024-01-15T09:42:30+00:00,STORE_004,android,Payment failed on checkout,payment_failure
TKT_0000970,INC_001,2024-01-15T09:06:19+00:00,STORE_003,ios,Payment processing error on mobile app,payment_failure
TKT_0000971,INC_001,2024-01-15T10:11:40+00:00,STORE_002,android,Payment declined but money held in account,payment_failure
TKT_0000972,INC_001,2024-01-15T10:04:25+00:00,STORE_001,desktop,Card declined repeatedly,payment_failure
TKT_0000973,INC_001,2024-01-15T10:10:17+00:00,STORE_001,android,App crashed during payment,payment_failure
TKT_0000974,INC_001,2024-01-15T10:38:52+00:00,STORE_001,desktop,Payment processing error on mobile app,payment_failure
TKT_0000975,INC_001,2024-01-15T10:11:58+00:00,STORE_004,android,Payment failed on checkout,payment_failure
TKT_0000976,INC_001,2024-01-15T10:25:10+00:00,STORE_005,ios,Card declined repeatedly,payment_failure
TKT_0000977,INC_001,2024-01-15T10:15:56+00:00,STORE_003,android,Card declined repeatedly,payment_failure
TKT_0000978,INC_001,2024-01-15T10:39:19+00:00,STORE_003,desktop,Payment failed on checkout,payment_failure
TKT_0000979,INC_001,2024-01-15T10:58:51+00:00,STORE_002,android,Payment processing error on mobile app,payment_failure
TKT_0000980,INC_001,2024-01-15T10:37:41+00:00,STORE_004,ios,Transaction timed out at checkout,payment_failure
TKT_0000981,INC_001,2024-01-15T10:29:12+00:00,STORE_005,android,Checkout button unresponsive after entering card details,payment_failure
TKT_0000982,INC_001,2024-01-15T10:45:19+00:00,STORE_003,android,Payment failed on checkout,payment_failure
TKT_0000983,INC_001,2024-01-15T10:12:04+00:00,STORE_005,android,Unable to complete purchase — payment gateway error,payment_failure
TKT_0000984,INC_001,2024-01-15T10:18:48+00:00,STORE_001,android,Checkout button unresponsive after entering card details,payment_failure
TKT_0000985,INC_001,2024-01-15T10:50:41+00:00,STORE_003,ios,Card declined repeatedly,payment_failure
TKT_0000986,INC_001,2024-01-15T10:49:36+00:00,STORE_005,android,Unable to complete purchase — payment gateway error,payment_failure
TKT_0000987,INC_001,2024-01-15T11:35:55+00:00,STORE_002,ios,Unable to complete purchase — payment gateway error,payment_failure
TKT_0000988,INC_001,2024-01-15T11:09:50+00:00,STORE_003,android,Payment declined but money held in account,payment_failure
TKT_0000989,INC_001,2024-01-15T11:39:27+00:00,STORE_003,ios,Checkout button unresponsive after entering card details,payment_failure
TKT_0000990,INC_001,2024-01-15T11:49:28+00:00,STORE_005,android,Payment declined but money held in account,payment_failure
TKT_0000991,INC_001,2024-01-15T11:22:51+00:00,STORE_005,desktop,Unable to complete purchase — payment gateway error,payment_failure
TKT_0000992,INC_001,2024-01-15T11:59:05+00:00,STORE_002,ios,Payment failed on checkout,payment_failure
TKT_0000993,INC_001,2024-01-15T11:00:08+00:00,STORE_002,ios,Transaction timed out at checkout,payment_failure
TKT_0000994,INC_001,2024-01-15T11:54:20+00:00,STORE_001,android,App crashed during payment,payment_failure
TKT_0000995,INC_001,2024-01-15T11:33:09+00:00,STORE_002,android,Payment failed on checkout,payment_failure
TKT_0000996,INC_001,2024-01-15T11:30:48+00:00,STORE_002,android,App crashed during payment,payment_failure
TKT_0000997,INC_001,2024-01-15T11:05:46+00:00,STORE_002,android,Payment processing error on mobile app,payment_failure
TKT_0000998,INC_001,2024-01-15T11:39:28+00:00,STORE_005,android,Payment declined but money held in account,payment_failure
TKT_0000999,INC_001,2024-01-15T11:36:27+00:00,STORE_002,android,Checkout button unresponsive after entering card details,payment_failure
TKT_0001000,INC_001,2024-01-15T11:39:23+00:00,STORE_001,android,Card declined repeatedly,payment_failure
TKT_0001001,INC_001,2024-01-15T11:06:50+00:00,STORE_001,android,Payment declined but money held in account,payment_failure
TKT_0001002,INC_001,2024-01-15T11:12:42+00:00,STORE_004,android,Checkout button unresponsive after entering card details,payment_failure
TKT_0001003,INC_001,2024-01-15T11:42:45+00:00,STORE_005,ios,Card declined repeatedly,payment_failure
TKT_0001004,INC_001,2024-01-15T11:07:18+00:00,STORE_003,android,Transaction timed out at checkout,payment_failure
TKT_0001005,INC_001,2024-01-15T11:48:41+00:00,STORE_002,android,Payment declined but money held in account,payment_failure
TKT_0001006,INC_001,2024-01-15T11:08:07+00:00,STORE_002,desktop,Checkout button unresponsive after entering card details,payment_failure
TKT_0001007,INC_001,2024-01-15T11:58:52+00:00,STORE_002,android,Checkout button unresponsive after entering card details,payment_failure
TKT_0001008,INC_001,2024-01-15T11:47:52+00:00,STORE_004,ios,Unable to complete purchase — payment gateway error,payment_failure
TKT_0001009,INC_001,2024-01-15T11:57:27+00:00,STORE_001,android,Unable to complete purchase — payment gateway error,payment_failure
TKT_0001010,INC_001,2024-01-15T11:21:18+00:00,STORE_003,android,Payment failed on checkout,payment_failure
TKT_0001011,INC_001,2024-01-15T12:12:41+00:00,STORE_002,android,Checkout button unresponsive after entering card details,payment_failure
TKT_0001012,INC_001,2024-01-15T12:18:44+00:00,STORE_002,android,Card declined repeatedly,payment_failure
TKT_0001013,INC_001,2024-01-15T12:08:19+00:00,STORE_001,android,Checkout button unresponsive after entering card details,payment_failure
TKT_0001014,INC_001,2024-01-15T12:23:49+00:00,STORE_001,android,Unable to complete purchase — payment gateway error,payment_failure
TKT_0001015,INC_001,2024-01-15T12:49:57+00:00,STORE_001,android,App crashed during payment,payment_failure
TKT_0001016,INC_001,2024-01-15T12:12:46+00:00,STORE_003,desktop,App crashed during payment,payment_failure
TKT_0001017,INC_001,2024-01-15T12:12:02+00:00,STORE_001,desktop,Card declined repeatedly,payment_failure
TKT_0001018,INC_001,2024-01-15T12:03:19+00:00,STORE_004,ios,Payment processing error on mobile app,payment_failure
TKT_0001019,INC_001,2024-01-15T12:21:10+00:00,STORE_001,ios,Card declined repeatedly,payment_failure
TKT_0001020,INC_001,2024-01-15T12:22:51+00:00,STORE_001,ios,Unable to complete purchase — payment gateway error,payment_failure
TKT_0001021,INC_001,2024-01-15T13:41:45+00:00,STORE_005,desktop,Checkout button unresponsive after entering card details,payment_failure
TKT_0001022,INC_001,2024-01-15T13:38:28+00:00,STORE_001,desktop,Payment declined but money held in account,payment_failure
TKT_0001023,INC_001,2024-01-15T13:50:24+00:00,STORE_002,android,Card declined repeatedly,payment_failure
TKT_0001024,INC_001,2024-01-15T13:24:09+00:00,STORE_005,android,Card declined repeatedly,payment_failure
TKT_0001025,INC_001,2024-01-15T13:40:23+00:00,STORE_001,android,Unable to complete purchase — payment gateway error,payment_failure
TKT_0001026,INC_001,2024-01-15T13:32:48+00:00,STORE_001,android,App crashed during payment,payment_failure
TKT_0001027,INC_001,2024-01-15T13:13:22+00:00,STORE_002,android,Payment declined but money held in account,payment_failure
TKT_0001028,INC_001,2024-01-15T13:31:07+00:00,STORE_002,android,App crashed during payment,payment_failure
TKT_0001029,INC_001,2024-01-15T13:40:11+00:00,STORE_004,android,App crashed during payment,payment_failure
TKT_0001030,INC_001,2024-01-15T13:00:41+00:00,STORE_002,android,App crashed during payment,payment_failure
TKT_0001031,INC_001,2024-01-15T13:04:02+00:00,STORE_001,android,Card declined repeatedly,payment_failure
TKT_0001032,INC_001,2024-01-15T13:08:08+00:00,STORE_003,android,Transaction timed out at checkout,payment_failure
TKT_0001033,INC_001,2024-01-15T13:50:20+00:00,STORE_003,android,Payment failed on checkout,payment_failure
TKT_0001034,INC_001,2024-01-15T13:18:56+00:00,STORE_001,android,Transaction timed out at checkout,payment_failure
TKT_0001035,INC_001,2024-01-15T13:15:16+00:00,STORE_002,android,Card declined repeatedly,payment_failure
TKT_0001036,INC_001,2024-01-15T13:56:49+00:00,STORE_001,android,Payment failed on checkout,payment_failure
TKT_0001037,INC_001,2024-01-15T13:58:30+00:00,STORE_002,android,Card declined repeatedly,payment_failure
TKT_0001038,INC_001,2024-01-15T13:56:39+00:00,STORE_004,ios,Payment processing error on mobile app,payment_failure
TKT_0001039,INC_001,2024-01-15T13:11:48+00:00,STORE_005,android,Payment failed on checkout,payment_failure
TKT_0001040,INC_001,2024-01-15T14:46:40+00:00,STORE_001,android,Checkout button unresponsive after entering card details,payment_failure
TKT_0001041,INC_001,2024-01-15T14:17:10+00:00,STORE_005,android,Payment processing error on mobile app,payment_failure
TKT_0001042,INC_001,2024-01-15T14:56:09+00:00,STORE_002,android,Payment declined but money held in account,payment_failure
TKT_0001043,INC_001,2024-01-15T14:11:26+00:00,STORE_004,android,Payment declined but money held in account,payment_failure
TKT_0001044,INC_001,2024-01-15T14:39:49+00:00,STORE_004,ios,Checkout button unresponsive after entering card details,payment_failure
TKT_0001045,INC_001,2024-01-15T14:13:57+00:00,STORE_005,android,Unable to complete purchase — payment gateway error,payment_failure
TKT_0001046,INC_001,2024-01-15T14:37:49+00:00,STORE_004,android,Payment processing error on mobile app,payment_failure
TKT_0001047,INC_001,2024-01-15T14:06:13+00:00,STORE_001,desktop,Payment declined but money held in account,payment_failure
TKT_0001048,INC_001,2024-01-15T14:52:01+00:00,STORE_002,android,Payment declined but money held in account,payment_failure
TKT_0001049,INC_001,2024-01-15T14:27:02+00:00,STORE_001,android,Transaction timed out at checkout,payment_failure
TKT_0001050,INC_001,2024-01-15T14:00:47+00:00,STORE_005,android,App crashed during payment,payment_failure
TKT_0001051,INC_001,2024-01-15T14:57:43+00:00,STORE_003,android,Card declined repeatedly,payment_failure
TKT_0001052,INC_001,2024-01-15T14:31:46+00:00,STORE_004,android,Payment declined but money held in account,payment_failure
TKT_0001053,INC_001,2024-01-15T14:12:05+00:00,STORE_002,android,Card declined repeatedly,payment_failure
TKT_0001054,INC_001,2024-01-15T14:57:16+00:00,STORE_005,android,Transaction timed out at checkout,payment_failure
TKT_0001055,INC_001,2024-01-15T14:36:59+00:00,STORE_004,android,App crashed during payment,payment_failure
TKT_0001056,INC_001,2024-01-15T14:05:45+00:00,STORE_003,ios,App crashed during payment,payment_failure
TKT_0001057,INC_001,2024-01-15T15:18:35+00:00,STORE_001,ios,Card declined repeatedly,payment_failure
TKT_0001058,INC_001,2024-01-15T15:19:03+00:00,STORE_005,android,Card declined repeatedly,payment_failure
TKT_0001059,INC_001,2024-01-15T15:36:48+00:00,STORE_003,desktop,Transaction timed out at checkout,payment_failure
TKT_0001060,INC_001,2024-01-15T15:32:33+00:00,STORE_002,ios,Card declined repeatedly,payment_failure
TKT_0001061,INC_001,2024-01-15T15:18:13+00:00,STORE_005,android,Unable to complete purchase — payment gateway error,payment_failure
TKT_0001062,INC_001,2024-01-15T15:22:20+00:00,STORE_001,android,Payment processing error on mobile app,payment_failure
TKT_0001063,INC_001,2024-01-15T15:47:08+00:00,STORE_004,ios,Card declined repeatedly,payment_failure
TKT_0001064,INC_001,2024-01-15T15:39:06+00:00,STORE_004,android,Payment failed on checkout,payment_failure
TKT_0001065,INC_001,2024-01-15T15:14:50+00:00,STORE_001,desktop,Checkout button unresponsive after entering card details,payment_failure
TKT_0001066,INC_001,2024-01-15T15:57:42+00:00,STORE_003,android,Payment processing error on mobile app,payment_failure
TKT_0001067,INC_001,2024-01-15T16:07:47+00:00,STORE_003,android,Customer enquiry — returns,returns
TKT_0001068,INC_001,2024-01-15T16:49:34+00:00,STORE_005,desktop,Customer enquiry — general,general
TKT_0001069,INC_001,2024-01-15T16:18:11+00:00,STORE_005,ios,Customer enquiry — general,general
TKT_0001070,INC_001,2024-01-15T16:01:48+00:00,STORE_005,android,Customer enquiry — general,general
TKT_0001071,INC_001,2024-01-15T17:32:09+00:00,STORE_004,desktop,Customer enquiry — stock,stock
TKT_0001072,INC_001,2024-01-15T17:20:57+00:00,STORE_003,desktop,Customer enquiry — returns,returns
TKT_0001073,INC_001,2024-01-15T17:51:22+00:00,STORE_002,android,Customer enquiry — general,general
TKT_0001074,INC_001,2024-01-15T17:01:44+00:00,STORE_003,android,Customer enquiry — general,general
TKT_0001075,INC_001,2024-01-15T18:01:25+00:00,STORE_005,android,Customer enquiry — general,general
TKT_0001076,INC_001,2024-01-15T18:52:28+00:00,STORE_003,ios,Customer enquiry — stock,stock
TKT_0001077,INC_001,2024-01-15T18:50:15+00:00,STORE_005,desktop,Customer enquiry — general,general
TKT_0001078,INC_001,2024-01-15T18:52:43+00:00,STORE_002,ios,Customer enquiry — stock,stock
TKT_0001079,INC_001,2024-01-15T18:45:07+00:00,STORE_002,android,Customer enquiry — returns,returns
TKT_0001080,INC_001,2024-01-15T18:04:27+00:00,STORE_003,ios,Customer enquiry — returns,returns
TKT_0001081,INC_001,2024-01-15T18:06:38+00:00,STORE_001,ios,Customer enquiry — stock,stock
TKT_0001082,INC_001,2024-01-15T18:46:29+00:00,STORE_004,android,Customer enquiry — returns,returns
TKT_0001083,INC_001,2024-01-15T18:27:25+00:00,STORE_005,android,Customer enquiry — returns,returns
TKT_0001084,INC_001,2024-01-15T19:03:27+00:00,STORE_002,ios,Customer enquiry — stock,stock
TKT_0001085,INC_001,2024-01-15T19:11:51+00:00,STORE_004,desktop,Customer enquiry — general,general
TKT_0001086,INC_001,2024-01-15T19:59:29+00:00,STORE_002,android,Customer enquiry — returns,returns
TKT_0001087,INC_001,2024-01-15T19:21:51+00:00,STORE_005,android,Customer enquiry — general,general
TKT_0001088,INC_001,2024-01-15T20:04:59+00:00,STORE_003,ios,Customer enquiry — returns,returns
TKT_0001089,INC_001,2024-01-15T20:39:56+00:00,STORE_001,ios,Customer enquiry — returns,returns
TKT_0001090,INC_001,2024-01-15T20:48:34+00:00,STORE_004,ios,Customer enquiry — stock,stock
TKT_0001091,INC_001,2024-01-15T20:07:45+00:00,STORE_002,desktop,Customer enquiry — stock,stock
TKT_0001092,INC_001,2024-01-15T20:29:33+00:00,STORE_005,ios,Customer enquiry — stock,stock
TKT_0001093,INC_001,2024-01-15T21:46:43+00:00,STORE_005,ios,Customer enquiry — stock,stock
TKT_0001094,INC_001,2024-01-15T21:31:12+00:00,STORE_002,ios,Customer enquiry — general,general
TKT_0001095,INC_001,2024-01-15T21:23:08+00:00,STORE_001,desktop,Customer enquiry — stock,stock
TKT_0001096,INC_001,2024-01-15T21:53:18+00:00,STORE_001,android,Customer enquiry — stock,stock
TKT_0001097,INC_001,2024-01-15T22:54:51+00:00,STORE_001,desktop,Customer enquiry — stock,stock
TKT_0001098,INC_001,2024-01-15T22:36:20+00:00,STORE_001,android,Customer enquiry — general,general
TKT_0001099,INC_001,2024-01-15T22:33:30+00:00,STORE_003,android,Customer enquiry — returns,returns
TKT_0001100,INC_001,2024-01-15T22:45:57+00:00,STORE_002,android,Customer enquiry — general,general
TKT_0001101,INC_001,2024-01-15T23:03:44+00:00,STORE_001,android,Customer enquiry — general,general
TKT_0001102,INC_001,2024-01-15T23:09:40+00:00,STORE_003,desktop,Customer enquiry — stock,stock
TKT_0001103,INC_001,2024-01-15T23:41:12+00:00,STORE_005,ios,Customer enquiry — general,general
TKT_0001104,INC_001,2024-01-15T23:11:27+00:00,STORE_002,ios,Customer enquiry — returns,returns
TKT_0001105,INC_001,2024-01-15T23:27:06+00:00,STORE_003,android,Customer enquiry — stock,stock
TKT_0001106,INC_001,2024-01-15T23:50:52+00:00,STORE_003,android,Customer enquiry — stock,stock
TKT_0001107,INC_001,2024-01-15T23:13:33+00:00,STORE_001,android,Customer enquiry — returns,returns
TKT_0001108,INC_001,2024-01-15T23:27:29+00:00,STORE_004,ios,Customer enquiry — general,general
TKT_0001109,INC_001,2024-01-15T23:18:45+00:00,STORE_005,ios,Customer enquiry — general,general
TKT_0001110,INC_001,2024-01-15T23:04:42+00:00,STORE_004,ios,Customer enquiry — returns,returns
TKT_0001111,INC_001,2024-01-16T00:20:44+00:00,STORE_005,desktop,Customer enquiry — returns,returns
TKT_0001112,INC_001,2024-01-16T00:51:32+00:00,STORE_003,ios,Customer enquiry — returns,returns
TKT_0001113,INC_001,2024-01-16T00:35:41+00:00,STORE_004,desktop,Customer enquiry — general,general
TKT_0001114,INC_001,2024-01-16T00:14:12+00:00,STORE_001,android,Customer enquiry — stock,stock
TKT_0001115,INC_001,2024-01-16T00:08:24+00:00,STORE_002,android,Customer enquiry — returns,returns
TKT_0001116,INC_001,2024-01-16T00:01:36+00:00,STORE_001,desktop,Customer enquiry — stock,stock
TKT_0001117,INC_001,2024-01-16T01:38:48+00:00,STORE_005,android,Customer enquiry — general,general
TKT_0001118,INC_001,2024-01-16T01:52:28+00:00,STORE_005,android,Customer enquiry — general,general
TKT_0001119,INC_001,2024-01-16T01:23:20+00:00,STORE_002,android,Customer enquiry — general,general
TKT_0001120,INC_001,2024-01-16T01:31:06+00:00,STORE_002,ios,Customer enquiry — returns,returns
TKT_0001121,INC_001,2024-01-16T01:39:35+00:00,STORE_004,desktop,Customer enquiry — general,general
TKT_0001122,INC_001,2024-01-16T01:41:24+00:00,STORE_005,android,Customer enquiry — general,general
TKT_0001123,INC_001,2024-01-16T01:52:34+00:00,STORE_004,ios,Customer enquiry — returns,returns
TKT_0001124,INC_001,2024-01-16T02:17:30+00:00,STORE_002,ios,Customer enquiry — returns,returns
TKT_0001125,INC_001,2024-01-16T02:38:34+00:00,STORE_003,android,Customer enquiry — stock,stock
TKT_0001126,INC_001,2024-01-16T02:21:14+00:00,STORE_001,android,Customer enquiry — stock,stock
TKT_0001127,INC_001,2024-01-16T02:03:05+00:00,STORE_001,desktop,Customer enquiry — returns,returns
TKT_0001128,INC_001,2024-01-16T03:36:05+00:00,STORE_003,desktop,Customer enquiry — general,general
TKT_0001129,INC_001,2024-01-16T03:32:10+00:00,STORE_005,desktop,Customer enquiry — returns,returns
TKT_0001130,INC_001,2024-01-16T03:06:24+00:00,STORE_004,android,Customer enquiry — returns,returns
TKT_0001131,INC_001,2024-01-16T03:38:24+00:00,STORE_001,ios,Customer enquiry — stock,stock
TKT_0001132,INC_001,2024-01-16T03:35:31+00:00,STORE_005,android,Customer enquiry — returns,returns
TKT_0001133,INC_001,2024-01-16T04:24:05+00:00,STORE_004,ios,Customer enquiry — stock,stock
TKT_0001134,INC_001,2024-01-16T04:28:12+00:00,STORE_003,android,Customer enquiry — returns,returns
TKT_0001135,INC_001,2024-01-16T04:51:38+00:00,STORE_002,android,Customer enquiry — stock,stock
TKT_0001136,INC_001,2024-01-16T04:11:03+00:00,STORE_002,android,Customer enquiry — returns,returns
TKT_0001137,INC_001,2024-01-16T04:30:45+00:00,STORE_004,android,Customer enquiry — general,general
TKT_0001138,INC_001,2024-01-16T04:39:45+00:00,STORE_002,ios,Customer enquiry — stock,stock
TKT_0001139,INC_001,2024-01-16T04:01:19+00:00,STORE_001,android,Customer enquiry — returns,returns
TKT_0001140,INC_001,2024-01-16T05:49:01+00:00,STORE_004,ios,Customer enquiry — stock,stock
TKT_0001141,INC_001,2024-01-16T05:32:36+00:00,STORE_005,android,Customer enquiry — general,general
TKT_0001142,INC_001,2024-01-16T05:13:36+00:00,STORE_001,android,Customer enquiry — general,general
TKT_0001143,INC_001,2024-01-16T06:35:30+00:00,STORE_004,android,Customer enquiry — returns,returns
TKT_0001144,INC_001,2024-01-16T06:15:50+00:00,STORE_004,desktop,Customer enquiry — returns,returns
TKT_0001145,INC_001,2024-01-16T06:11:44+00:00,STORE_002,ios,Customer enquiry — stock,stock
TKT_0001146,INC_001,2024-01-16T06:50:23+00:00,STORE_005,desktop,Customer enquiry — general,general
TKT_0001147,INC_001,2024-01-16T07:23:34+00:00,STORE_003,android,Customer enquiry — stock,stock
TKT_0001148,INC_001,2024-01-16T07:12:46+00:00,STORE_005,desktop,Customer enquiry — general,general
TKT_0001149,INC_001,2024-01-16T07:45:57+00:00,STORE_004,android,Customer enquiry — stock,stock
TKT_0001150,INC_001,2024-01-16T07:25:37+00:00,STORE_004,ios,Customer enquiry — returns,returns
TKT_0001151,INC_001,2024-01-16T08:05:39+00:00,STORE_002,desktop,Customer enquiry — stock,stock
TKT_0001152,INC_001,2024-01-16T08:48:42+00:00,STORE_003,android,Customer enquiry — stock,stock
TKT_0001153,INC_001,2024-01-16T08:23:25+00:00,STORE_001,android,Customer enquiry — general,general
TKT_0001154,INC_001,2024-01-16T08:23:02+00:00,STORE_001,android,Customer enquiry — general,general
TKT_0001155,INC_001,2024-01-16T08:27:26+00:00,STORE_005,ios,Customer enquiry — returns,returns
TKT_0001156,INC_001,2024-01-16T08:37:38+00:00,STORE_002,desktop,Customer enquiry — returns,returns
TKT_0001157,INC_001,2024-01-16T08:29:11+00:00,STORE_003,android,Customer enquiry — stock,stock
TKT_0001158,INC_001,2024-01-16T08:04:06+00:00,STORE_004,android,Customer enquiry — returns,returns
TKT_0001159,INC_001,2024-01-16T08:21:21+00:00,STORE_003,ios,Customer enquiry — stock,stock
TKT_0001160,INC_001,2024-01-16T09:18:27+00:00,STORE_005,ios,Customer enquiry — returns,returns
TKT_0001161,INC_001,2024-01-16T09:08:17+00:00,STORE_002,ios,Customer enquiry — returns,returns
TKT_0001162,INC_001,2024-01-16T09:15:10+00:00,STORE_003,android,Customer enquiry — stock,stock
TKT_0001163,INC_001,2024-01-16T09:49:18+00:00,STORE_005,ios,Customer enquiry — stock,stock
TKT_0001164,INC_001,2024-01-16T09:02:30+00:00,STORE_004,desktop,Customer enquiry — stock,stock
TKT_0001165,INC_001,2024-01-16T09:39:58+00:00,STORE_004,ios,Customer enquiry — stock,stock
TKT_0001166,INC_001,2024-01-16T09:08:06+00:00,STORE_003,android,Customer enquiry — returns,returns
TKT_0001167,INC_001,2024-01-16T10:55:20+00:00,STORE_001,ios,Customer enquiry — returns,returns
TKT_0001168,INC_001,2024-01-16T10:03:09+00:00,STORE_004,desktop,Customer enquiry — returns,returns
TKT_0001169,INC_001,2024-01-16T10:44:26+00:00,STORE_001,android,Customer enquiry — general,general
TKT_0001170,INC_001,2024-01-16T10:10:56+00:00,STORE_001,desktop,Customer enquiry — general,general
TKT_0001171,INC_001,2024-01-16T10:45:11+00:00,STORE_002,ios,Customer enquiry — returns,returns
TKT_0001172,INC_001,2024-01-16T10:22:16+00:00,STORE_004,android,Customer enquiry — general,general
TKT_0001173,INC_001,2024-01-16T10:12:38+00:00,STORE_003,ios,Customer enquiry — stock,stock
TKT_0001174,INC_001,2024-01-16T11:13:53+00:00,STORE_003,ios,Customer enquiry — stock,stock
TKT_0001175,INC_001,2024-01-16T11:10:42+00:00,STORE_002,android,Customer enquiry — stock,stock
TKT_0001176,INC_001,2024-01-16T11:30:59+00:00,STORE_004,desktop,Customer enquiry — general,general
TKT_0001177,INC_001,2024-01-16T11:54:59+00:00,STORE_002,ios,Customer enquiry — stock,stock
TKT_0001178,INC_001,2024-01-16T12:53:51+00:00,STORE_005,android,Customer enquiry — returns,returns
TKT_0001179,INC_001,2024-01-16T12:10:47+00:00,STORE_001,android,Customer enquiry — stock,stock
TKT_0001180,INC_001,2024-01-16T12:38:31+00:00,STORE_001,android,Customer enquiry — general,general
TKT_0001181,INC_001,2024-01-16T12:41:36+00:00,STORE_004,desktop,Customer enquiry — general,general
TKT_0001182,INC_001,2024-01-16T12:08:34+00:00,STORE_005,desktop,Customer enquiry — stock,stock
TKT_0001183,INC_001,2024-01-16T13:23:53+00:00,STORE_004,desktop,Customer enquiry — general,general
TKT_0001184,INC_001,2024-01-16T13:21:20+00:00,STORE_005,ios,Customer enquiry — stock,stock
TKT_0001185,INC_001,2024-01-16T13:28:39+00:00,STORE_003,android,Customer enquiry — general,general
TKT_0001186,INC_001,2024-01-16T13:25:56+00:00,STORE_003,android,Customer enquiry — returns,returns
TKT_0001187,INC_001,2024-01-16T13:58:21+00:00,STORE_003,ios,Customer enquiry — returns,returns
TKT_0001188,INC_001,2024-01-16T14:11:22+00:00,STORE_001,ios,Customer enquiry — returns,returns
TKT_0001189,INC_001,2024-01-16T14:27:05+00:00,STORE_001,ios,Customer enquiry — stock,stock
TKT_0001190,INC_001,2024-01-16T14:22:00+00:00,STORE_004,ios,Customer enquiry — general,general
TKT_0001191,INC_001,2024-01-16T14:46:48+00:00,STORE_001,ios,Customer enquiry — returns,returns
TKT_0001192,INC_001,2024-01-16T14:37:29+00:00,STORE_004,desktop,Customer enquiry — general,general
TKT_0001193,INC_001,2024-01-16T14:09:43+00:00,STORE_005,android,Customer enquiry — general,general
TKT_0001194,INC_001,2024-01-16T14:31:48+00:00,STORE_004,ios,Customer enquiry — returns,returns
TKT_0001195,INC_001,2024-01-16T14:34:49+00:00,STORE_001,ios,Customer enquiry — general,general
TKT_0001196,INC_001,2024-01-16T14:05:56+00:00,STORE_003,desktop,Customer enquiry — general,general
TKT_0001197,INC_001,2024-01-16T15:48:09+00:00,STORE_003,android,Customer enquiry — general,general
TKT_0001198,INC_001,2024-01-16T15:54:22+00:00,STORE_005,desktop,Customer enquiry — stock,stock
TKT_0001199,INC_001,2024-01-16T15:06:21+00:00,STORE_002,ios,Customer enquiry — general,general
TKT_0001200,INC_001,2024-01-16T15:04:48+00:00,STORE_003,android,Customer enquiry — general,general
TKT_0001201,INC_001,2024-01-16T16:24:18+00:00,STORE_004,desktop,Customer enquiry — stock,stock
TKT_0001202,INC_001,2024-01-16T16:18:21+00:00,STORE_001,android,Customer enquiry — stock,stock
TKT_0001203,INC_001,2024-01-16T16:22:20+00:00,STORE_001,ios,Customer enquiry — stock,stock
TKT_0001204,INC_001,2024-01-16T16:45:16+00:00,STORE_005,ios,Customer enquiry — returns,returns
TKT_0001205,INC_001,2024-01-16T16:19:44+00:00,STORE_003,ios,Customer enquiry — returns,returns
TKT_0001206,INC_001,2024-01-16T17:56:02+00:00,STORE_002,android,Customer enquiry — general,general
TKT_0001207,INC_001,2024-01-16T17:50:14+00:00,STORE_003,android,Customer enquiry — returns,returns
TKT_0001208,INC_001,2024-01-16T18:56:13+00:00,STORE_002,ios,Customer enquiry — stock,stock
TKT_0001209,INC_001,2024-01-16T18:14:29+00:00,STORE_005,android,Customer enquiry — general,general
TKT_0001210,INC_001,2024-01-16T18:55:09+00:00,STORE_002,android,Customer enquiry — general,general
TKT_0001211,INC_001,2024-01-16T19:25:09+00:00,STORE_002,ios,Customer enquiry — general,general
TKT_0001212,INC_001,2024-01-16T19:00:20+00:00,STORE_002,ios,Customer enquiry — general,general
TKT_0001213,INC_001,2024-01-16T19:31:47+00:00,STORE_005,ios,Customer enquiry — returns,returns
TKT_0001214,INC_001,2024-01-16T19:09:41+00:00,STORE_001,ios,Customer enquiry — returns,returns
TKT_0001215,INC_001,2024-01-16T20:32:35+00:00,STORE_005,android,Customer enquiry — returns,returns
TKT_0001216,INC_001,2024-01-16T20:37:36+00:00,STORE_001,desktop,Customer enquiry — general,general
TKT_0001217,INC_001,2024-01-16T20:32:24+00:00,STORE_004,desktop,Customer enquiry — returns,returns
TKT_0001218,INC_001,2024-01-16T20:04:04+00:00,STORE_002,desktop,Customer enquiry — returns,returns
TKT_0001219,INC_001,2024-01-16T20:19:43+00:00,STORE_003,android,Customer enquiry — returns,returns
TKT_0001220,INC_001,2024-01-16T20:22:12+00:00,STORE_001,android,Customer enquiry — stock,stock
TKT_0001221,INC_001,2024-01-16T21:35:39+00:00,STORE_003,ios,Customer enquiry — stock,stock
TKT_0001222,INC_001,2024-01-16T21:27:25+00:00,STORE_005,android,Customer enquiry — stock,stock
TKT_0001223,INC_001,2024-01-16T21:03:30+00:00,STORE_002,desktop,Customer enquiry — returns,returns
TKT_0001224,INC_001,2024-01-16T21:54:27+00:00,STORE_003,android,Customer enquiry — general,general
TKT_0001225,INC_001,2024-01-16T21:05:02+00:00,STORE_004,ios,Customer enquiry — general,general
TKT_0001226,INC_001,2024-01-16T21:11:45+00:00,STORE_005,ios,Customer enquiry — stock,stock
TKT_0001227,INC_001,2024-01-16T21:00:01+00:00,STORE_005,desktop,Customer enquiry — returns,returns
TKT_0001228,INC_001,2024-01-16T22:14:50+00:00,STORE_004,android,Customer enquiry — returns,returns
TKT_0001229,INC_001,2024-01-16T22:52:00+00:00,STORE_005,android,Customer enquiry — stock,stock
TKT_0001230,INC_001,2024-01-16T22:29:25+00:00,STORE_003,desktop,Customer enquiry — returns,returns
TKT_0001231,INC_001,2024-01-16T22:47:34+00:00,STORE_004,android,Customer enquiry — stock,stock
TKT_0001232,INC_001,2024-01-16T22:59:53+00:00,STORE_001,android,Customer enquiry — general,general
TKT_0001233,INC_001,2024-01-16T23:41:42+00:00,STORE_003,ios,Customer enquiry — general,general
TKT_0001234,INC_001,2024-01-16T23:38:35+00:00,STORE_005,android,Customer enquiry — returns,returns
TKT_0001235,INC_001,2024-01-16T23:58:20+00:00,STORE_002,ios,Customer enquiry — general,general
TKT_0001236,INC_001,2024-01-16T23:16:48+00:00,STORE_004,android,Customer enquiry — returns,returns
TKT_0001237,INC_001,2024-01-16T23:20:41+00:00,STORE_003,android,Customer enquiry — returns,returns
TKT_0001238,INC_001,2024-01-16T23:03:17+00:00,STORE_005,android,Customer enquiry — returns,returns
